DateKey,ProductKey,Quantity
20240215,7289,1
20241123,875,4
20240823,5405,4
20240801,5206,5
20240325,5749,5
20241008,6280,4
20240819,481,1
20240325,4441,3
20240305,5593,5
20240513,8341,5
20240530,1700,5
20240424,784,2
20240304,6964,1
20241208,2448,1
20241228,5326,1
20241217,5066,1
20240606,6435,1
20240317,1199,4
20240525,4570,5
20241208,3400,4
20240812,6411,2
20241108,8685,3
20240412,2573,5
20241212,7868,2
20241027,2062,4
20240328,2762,3
20241029,9186,2
20240616,204,3
20240618,2749,2
20240514,3020,4
20240219,4673,3
20241205,1914,2
20241212,7753,4
20240513,1282,5
20241212,1543,4
20240516,3571,4
20240901,3905,5
20240418,8857,4
20241108,5408,5
20241013,8811,5
20240121,8452,5
20240330,7532,2
20241022,2627,3
20240421,7056,2
20241027,6250,5
20240317,5501,3
20240625,7114,3
20241208,790,5
20240527,8245,3
20240410,3167,3
20240902,1600,2
20240426,3958,3
20240401,7574,5
20240128,3088,1
20240125,1036,1
20240227,3858,1
20241023,8008,5
20240513,6888,1
20241126,5690,2
20240905,176,5
20240207,4312,5
20240315,1010,5
20240521,7648,3
20241117,1031,3
20240616,7888,3
20240915,6454,4
20241220,7911,2
20240812,6878,5
20240531,7935,5
20240119,8548,3
20240525,893,5
20240828,4902,5
20241209,4874,1
20240824,6346,5
20240204,8590,4
20240708,8703,3
20240101,7227,2
20240601,5291,2
20240505,2077,1
20241210,65,2
20240813,8025,2
20240808,2583,3
20240729,5478,3
20240125,2042,4
20240116,2710,1
20240630,5273,2
20241124,5633,4
20240508,6751,1
20240211,406,2
20241201,5907,2
20240823,3576,3
20241225,6199,5
20240203,3114,1
20241210,6293,2
20240214,8411,1
20240513,3119,4
20240121,7234,4
20240501,2469,5
20240310,9015,2
20241217,2746,3
20241226,8173,2
20240217,5071,1
20240208,8129,4
20241013,3855,1
20240110,1043,5
20240130,7404,4
20240831,517,3
20240930,6925,4
20240328,9081,2
20240831,6953,2
20241124,4503,4
20240115,221,5
20240104,5149,2
20240709,5992,2
20240616,7740,3
20240109,7050,4
20240418,1499,2
20240516,7877,5
20240602,878,1
20240727,2805,4
20240928,7427,3
20240522,8774,2
20240408,5131,5
20241103,6034,4
20240309,1772,5
20240903,7593,5
20240917,6389,3
20241002,6907,4
20240319,1693,2
20240525,3257,3
20240420,4651,2
20240914,1074,1
20240402,6683,5
20240113,3172,1
20240916,5930,5
20240418,2708,3
20241125,3642,2
20240707,5465,2
20240404,1678,3
20240414,5607,4
20240108,7411,1
20240307,1321,1
20240709,6791,2
20240912,5879,2
20240109,7545,2
20240426,8920,3
20240923,5590,4
20240408,5545,1
20241024,4428,5
20240612,3763,3
20240520,678,1
20240924,2013,4
20240206,8013,3
20240314,1510,1
20240313,3319,3
20241103,3778,1
20240717,5247,1
20240509,1868,4
20240902,6600,5
20241107,1306,4
20240229,3596,1
20241005,7573,3
20240412,7299,4
20241022,1651,5
20241115,3711,1
20241206,713,4
20240530,4752,4
20240605,869,4
20240724,8183,4
20240627,5870,3
20240715,7411,5
20240810,6543,5
20240329,5264,1
20241013,5187,2
20241002,1722,3
20240823,5806,1
20240701,5550,1
20240727,4946,4
20240509,3525,2
20240601,217,2
20240113,4233,3
20240501,8977,2
20241224,4404,1
20240807,2342,2
20240415,8023,2
20240310,2946,5
20240713,7796,1
20240704,212,2
20240408,7140,2
20240322,1945,4
20240315,6302,2
20241205,8819,2
20240710,4297,5
20241120,2526,1
20240801,674,3
20241110,2826,1
20241113,7113,4
20240523,6561,1
20240803,2001,2
20241226,8357,4
20241119,2926,1
20240115,1749,4
20240804,1858,3
20240204,8699,1
20240701,2991,2
20240926,1974,4
20241223,5774,5
20240409,6709,4
20240107,2400,5
20240130,4751,2
20241031,1817,3
20240523,8174,5
20240420,8139,3
20240819,6631,4
20240627,5549,2
20240312,4076,5
20240728,277,4
20240807,6302,1
20240320,8834,4
20240323,2064,3
20240211,5438,2
20240929,4563,2
20240709,3123,4
20240621,7177,1
20240107,7419,3
20240603,3185,4
20240110,2270,4
20240203,1169,2
20240205,4514,3
20240106,6310,1
20240802,6212,2
20240513,1663,4
20241011,5554,2
20240505,4214,2
20241202,8464,5
20240622,2572,2
20240531,5607,2
20241126,111,3
20240126,2215,2
20240424,2976,1
20241010,4988,4
20240315,4448,3
20240614,2884,2
20240707,971,1
20240318,8371,4
20240330,5714,3
20240624,6959,1
20240121,4508,2
20240223,4926,5
20240702,4002,5
20241224,6030,3
20240809,1233,1
20241110,4511,4
20241123,4750,1
20240627,4570,5
20241002,9165,3
20240421,8069,2
20240811,3461,1
20240801,1060,5
20240228,6908,4
20241122,1708,3
20240418,3451,2
20240605,8773,1
20240709,5910,4
20240718,3369,2
20241107,240,5
20240714,4908,5
20240204,7037,4
20240902,9170,5
20240824,5615,3
20240413,8015,4
20240107,9026,5
20241009,7702,1
20240101,4657,5
20240806,7698,3
20240817,8227,2
20240620,7358,2
20240327,2220,5
20240210,1084,2
20240502,3459,5
20241126,1075,3
20241024,2342,2
20240626,3435,1
20240303,316,5
20240613,621,2
20240705,3185,3
20240727,714,3
20240814,5103,1
20240217,205,3
20240811,995,3
20240103,2990,2
20240623,6117,5
20240408,1199,4
20240425,3342,3
20240926,3409,3
20240909,8338,4
20241112,1831,3
20240404,5869,2
20240929,6724,2
20240124,584,4
20240425,5457,3
20240530,1910,3
20241203,2748,5
20240219,3878,3
20240724,7474,2
20241130,4029,1
20240319,1701,1
20240310,3024,1
20240127,7825,1
20240927,169,3
20240219,1424,3
20241018,799,5
20240903,8115,3
20240920,7579,1
20240319,7362,4
20240708,7225,4
20240216,5611,2
20241226,5816,2
20241219,2821,3
20241217,552,4
20240707,6001,1
20240912,1856,1
20240809,8735,1
20240828,6986,3
20240925,5640,3
20240101,2965,5
20240203,8011,1
20240319,4795,1
20240823,2383,3
20241129,6670,3
20241214,8192,5
20240407,4510,5
20240322,9182,2
20240710,6017,4
20240909,6629,1
20240207,5934,1
20240114,868,5
20241212,4161,5
20241105,3784,2
20240727,589,4
20241222,1163,2
20240329,6308,4
20240225,6472,1
20240403,7528,2
20240402,4792,5
20241205,3869,2
20240325,2506,2
20240901,3139,1
20240122,5706,5
20241017,3066,5
20240928,5,3
20241101,5237,3
20240501,5330,3
20240507,4884,1
20240422,891,2
20240929,7042,5
20241201,4157,5
20240509,6981,2
20240511,7094,5
20240325,8006,2
20241215,6814,1
20240321,4480,1
20241120,650,1
20240309,1708,2
20240527,4767,2
20240116,8330,4
20241102,845,5
20240414,5192,5
20240613,8951,4
20240719,8327,4
20240715,5964,1
20240703,2853,4
20241117,1165,2
20240921,7579,3
20241228,1946,2
20240409,1679,4
20241207,1096,5
20241115,527,2
20240801,7824,5
20241004,5252,2
20240610,574,5
20240605,3687,2
20240907,7423,5
20240406,3358,3
20240118,4085,1
20241122,595,2
20240406,7019,3
20240101,8149,1
20240803,3162,2
20240511,4264,3
20240916,1694,3
20240504,3521,3
20240322,7272,4
20241009,2759,5
20240619,5203,1
20240228,2156,5
20240201,6632,5
20240609,2494,5
20241010,6499,3
20240415,7440,5
20240414,4467,4
20240815,5896,2
20240706,6680,3
20240310,2864,1
20241113,7409,2
20241016,6920,2
20240327,2504,2
20241227,4626,5
20240225,2854,5
20240422,8546,3
20240113,5893,5
20240118,9106,5
20240630,6318,5
20240422,866,3
20240816,1702,3
20240619,6848,4
20241021,2442,4
20240707,4015,4
20240319,5067,4
20240525,2753,2
20240630,5747,2
20241012,5402,4
20240906,8021,4
20241219,5551,1
20241109,3928,2
20240714,1081,1
20241118,7742,1
20240311,4395,5
20240904,4122,3
20240525,5741,2
20240415,3388,4
20240919,8964,4
20241022,2097,3
20240310,8986,2
20240711,6763,4
20240308,432,4
20241031,8325,5
20240221,8827,1
20241228,3989,4
20241011,3282,2
20241129,840,3
20240109,7687,5
20240907,5760,2
20241127,427,5
20241024,7562,1
20240702,7606,4
20240627,743,2
20240716,7183,3
20240507,8886,1
20240120,6003,1
20241123,2519,5
20240305,2982,1
20240630,2801,2
20240828,1137,5
20240124,4094,1
20240323,1586,3
20241114,5088,2
20240703,5119,3
20241111,2158,3
20240408,6821,5
20240302,7376,4
20241012,3455,5
20240122,3781,2
20240730,5659,2
20240505,2929,5
20240211,4983,4
20240407,5932,5
20240131,8806,2
20240606,743,4
20240421,1380,2
20240903,4507,4
20240501,713,4
20240929,7205,5
20241020,410,5
20240725,7419,5
20240419,8101,4
20241004,4186,4
20240225,4375,2
20240226,2517,3
20241017,732,5
20240423,2797,2
20241103,4961,2
20241206,5501,1
20240716,8354,5
20241116,4995,2
20240627,7285,1
20240806,4506,5
20241003,7211,4
20240116,5603,1
20240301,7670,4
20240223,3651,3
20240616,1182,3
20240126,1077,3
20241201,2171,3
20240305,7879,2
20240409,5176,3
20240314,5320,2
20240710,6556,2
20240619,4744,5
20240929,7349,2
20240705,5349,2
20240123,8943,3
20240629,4345,2
20241122,8029,4
20240417,6816,3
20241130,4861,1
20240610,6746,3
20241028,7260,2
20240724,968,4
20240318,2554,3
20240116,7071,4
20241122,1557,1
20240405,5308,1
20240526,1206,5
20240102,6328,5
20240110,6953,3
20240504,2696,5
20240321,1555,4
20240519,6187,5
20241121,5556,4
20240529,1380,5
20241014,8710,5
20241226,8721,5
20241205,7513,2
20240508,4327,2
20240826,1339,5
20240227,3156,4
20240716,7438,3
20240729,3501,1
20240214,1825,2
20240406,6603,5
20241005,2938,1
20240123,5316,2
20241130,4201,3
20240213,8924,4
20240127,5992,5
20241008,4283,3
20240406,4763,2
20240205,4864,5
20240418,3724,1
20240224,6634,4
20240710,8666,2
20240806,9105,4
20240703,3087,5
20240309,6545,3
20241112,519,4
20240509,1229,1
20240224,1546,2
20240406,7595,1
20241201,838,4
20240327,943,3
20241020,5044,3
20240428,148,1
20240726,2120,5
20241129,3642,5
20240602,6331,3
20240204,1867,1
20240319,4925,1
20240307,4190,1
20241208,5363,4
20240203,6205,5
20240406,1271,5
20240617,3391,4
20240617,5660,2
20240530,3501,4
20240311,3599,1
20240103,8072,4
20241109,3345,1
20240201,2718,3
20241013,8681,1
20240322,8139,5
20240212,7129,4
20240414,1368,1
20240101,5078,2
20240301,8568,3
20240926,7594,2
20240628,682,2
20240811,4483,2
20240106,6834,3
20240412,3734,3
20240110,2760,3
20240311,7502,3
20240330,554,2
20240813,4979,5
20240606,4850,5
20240815,3790,3
20240505,6057,4
20240727,7117,1
20240406,7331,4
20240314,5335,4
20240424,6147,4
20240709,7910,5
20240618,2794,1
20241102,939,4
20240722,1596,3
20240225,7733,5
20240726,3339,3
20240210,5728,3
20240201,7041,4
20240115,270,3
20240302,4819,1
20240603,1853,3
20241010,10,4
20240727,2886,3
20241115,9008,5
20240705,7428,5
20240509,7437,5
20240506,5139,2
20241018,1030,5
20240423,2208,5
20240717,8434,2
20240113,7468,5
20240927,4173,4
20240329,3940,5
20240802,6985,5
20241004,6953,2
20240721,4799,4
20240314,4015,3
20240125,1648,1
20240410,7285,4
20240624,8721,3
20240426,399,4
20240614,419,3
20240210,8194,3
20241209,2015,4
20240429,6004,2
20240406,1475,4
20240524,7209,4
20240803,7155,3
20240816,3651,1
20241108,4824,3
20240509,4193,5
20241217,7264,4
20241113,6615,4
20240516,6012,2
20241119,2063,3
20241202,4795,2
20240929,731,4
20240426,7958,3
20241101,5580,3
20240403,4559,5
20240616,4991,5
20240721,3434,1
20241206,7258,5
20240528,264,3
20240701,8884,5
20240531,785,1
20240314,4378,4
20241230,1092,5
20240930,8446,3
20240211,8599,4
20240730,7920,3
20240410,4873,4
20240214,6559,3
20240322,4734,5
20240117,2829,5
20240313,3389,1
20240114,1267,4
20240605,7011,1
20240810,4688,2
20240511,4545,5
20241203,6896,4
20240216,6964,1
20240416,6256,1
20240417,8036,2
20240921,6956,1
20240723,7017,3
20240319,1346,5
20240603,4276,1
20240927,7667,1
20240903,5130,2
20240119,4652,3
20241211,4869,1
20240126,3192,5
20240804,7749,5
20240602,2195,1
20240602,4907,3
20240622,7058,5
20240401,152,5
20241203,6342,3
20240629,3487,3
20240510,5464,1
20241024,2847,4
20241001,3594,2
20240929,5986,4
20240316,4179,4
20240625,7960,5
20240702,5584,3
20241114,4315,5
20240510,6284,2
20241228,3833,1
20240218,1921,2
20240224,6269,5
20240602,775,5
20241220,7849,5
20240718,7369,5
20241103,6253,4
20241221,6105,1
20240427,6046,4
20240919,7706,5
20240215,9110,3
20241028,8491,4
20241221,1902,5
20240707,3281,5
20241105,681,1
20241113,4203,2
20240508,686,4
20240218,6792,4
20240125,7589,4
20240922,7975,5
20240427,5139,1
20240523,5600,5
20240718,4792,5
20240605,3915,3
20240605,7171,3
20241213,6692,1
20240513,6996,4
20240527,6391,2
20241201,538,4
20240311,2408,5
20240820,2608,1
20241129,7259,1
20241025,6952,1
20240602,6205,3
20240330,5255,4
20241129,6508,3
20240717,2893,2
20240609,4158,5
20240126,3659,3
20240430,4447,3
20241027,1291,5
20240730,5826,1
20240303,317,5
20240308,653,4
20240909,56,5
20240102,8736,1
20240417,8169,5
20241012,2140,3
20240218,379,2
20240519,6824,3
20240805,4636,2
20240213,5141,5
20240925,5137,4
20240318,1661,5
20240803,933,1
20240407,2812,5
20240823,6521,2
20241008,5885,3
20240528,1546,4
20241030,8191,5
20240306,3360,5
20240821,7692,3
20240327,6964,4
20240319,6897,5
20240723,1921,5
20241005,3101,2
20241202,8171,2
20240910,5765,1
20241030,8924,3
20240509,1077,4
20240324,1991,5
20241002,1311,5
20240705,6244,1
20240215,7660,5
20240701,140,3
20240924,4647,1
20241022,6303,3
20241117,3611,1
20240409,6183,5
20240318,7580,1
20240928,8277,2
20241204,247,4
20240610,6386,5
20240213,4221,4
20240825,7962,5
20240513,6906,4
20240710,6753,2
20241221,2487,4
20241004,2754,1
20240118,5416,4
20240112,1776,5
20240628,891,3
20240502,3827,4
20240902,1475,4
20240809,1748,4
20240220,1620,5
20240311,5637,4
20240217,6782,5
20240119,7001,5
20240918,3532,3
20240324,3750,1
20240603,8453,5
20240222,2605,2
20240416,1078,4
20241222,4339,2
20241030,9130,4
20240514,5357,3
20240309,6,5
20240111,7508,1
20240522,8678,5
20240710,8214,4
20240309,5981,1
20240123,8856,5
20240629,132,1
20241019,2566,4
20240109,5575,3
20240927,4304,3
20240402,861,5
20240117,6331,2
20240602,6484,4
20241123,8934,5
20240528,239,5
20240923,4223,3
20241123,6298,1
20240415,2063,4
20240204,6248,1
20240428,1843,4
20240114,1932,2
20240114,4249,3
20240922,7003,2
20240519,2041,5
20241020,3759,3
20241229,9112,5
20240428,10,2
20240825,275,4
20240203,6053,5
20240617,2234,1
20240110,7056,4
20240501,2075,4
20240524,5302,2
20240810,1634,2
20240913,8531,3
20240924,1357,3
20241224,2847,1
20240104,2839,4
20241219,2009,1
20240415,3505,1
20240325,8003,2
20240801,1619,1
20240430,250,1
20240511,1923,5
20241203,8586,3
20240715,3545,3
20240119,5271,4
20240509,2650,3
20240112,8181,4
20240321,2575,5
20241125,5430,3
20241219,3406,5
20240918,5966,3
20240504,5483,3
20241102,8026,5
20240923,9083,1
20240519,6428,1
20241124,6956,1
20240102,4835,1
20240108,2913,3
20240906,7565,2
20240518,80,5
20240503,7596,2
20241104,4242,2
20240815,615,4
20240110,1080,1
20240730,2151,3
20240421,6958,1
20240108,7823,1
20241018,6580,2
20241227,5999,4
20240909,5157,1
20240114,4685,5
20240827,2205,5
20240829,2727,1
20241207,2207,2
20240528,1263,2
20240823,4048,3
20241101,2012,4
20240615,3702,2
20240120,4033,3
20240803,1985,5
20241208,8408,5
20240514,5780,5
20240508,1217,1
20241020,8154,4
20240902,5582,3
20240707,7686,4
20240213,5757,1
20240326,5803,3
20240213,5423,3
20241125,8688,2
20240524,937,4
20240220,434,4
20240829,2219,2
20241020,1135,5
20240220,965,1
20240922,2351,4
20240429,5388,2
20240718,2258,3
20240904,2660,2
20240310,4627,5
20241206,1880,1
20240226,6043,5
20240208,7345,3
20241015,6386,3
20240118,6374,3
20240807,7882,3
20241108,3243,2
20240831,3734,3
20241217,2386,3
20241030,2906,2
20241024,3771,3
20241009,4240,5
20240314,107,5
20240419,2689,4
20240628,6913,5
20240201,808,1
20240821,2131,1
20241008,5794,1
20240125,6181,2
20241126,829,5
20241005,360,1
20240813,8573,4
20240226,2458,2
20240628,7802,4
20240819,999,5
20241208,7809,3
20241013,842,4
20240304,3546,3
20240819,7162,2
20241015,4466,4
20240731,3891,4
20240914,5974,2
20240118,141,2
20240623,3192,1
20240816,8814,5
20240813,6039,4
20240324,5124,4
20241017,4161,2
20240902,7215,2
20240419,3383,5
20240910,3812,2
20240328,1807,3
20240312,5747,3
20240130,3491,3
20240620,3432,3
20241104,1660,5
20241208,3045,4
20240625,2887,3
20240518,3087,2
20240712,1869,3
20240704,4036,5
20240805,4677,2
20240612,6529,3
20240609,5046,4
20240113,2723,2
20241022,7127,2
20240329,8412,4
20241119,3522,2
20240211,6471,3
20240728,4227,2
20240816,7989,3
20241215,8785,4
20241001,551,1
20241005,1640,4
20240907,7992,3
20241105,8596,5
20240726,8089,4
20241116,8685,5
20240519,8628,5
20241006,6505,3
20240203,3615,3
20241104,6798,1
20240118,9165,2
20240226,4986,4
20240421,1220,3
20240105,2005,4
20240630,5314,5
20240113,3587,2
20241204,5990,1
20241011,6335,4
20240915,4395,2
20240330,4772,1
20240413,2728,4
20240704,5603,2
20240906,981,3
20240911,4959,4
20240316,3447,2
20240417,703,1
20240604,4258,2
20240322,3716,3
20240317,8552,4
20240914,5197,4
20240506,6719,4
20241008,4437,3
20240328,1774,1
20240722,2497,4
20240116,8077,1
20240530,966,2
20240910,8933,1
20240706,2094,1
20241124,2732,4
20240201,4539,5
20240927,8496,5
20240105,7330,3
20241125,7205,3
20241103,2080,5
20241128,783,2
20240617,5505,4
20240629,6660,4
20240626,5098,2
20240522,5247,2
20241227,5812,5
20240904,9157,3
20240506,4941,2
20240919,6031,3
20240209,3350,1
20241220,8057,4
20240911,4888,5
20240522,1496,4
20240827,6320,5
20240815,3466,1
20241206,55,4
20240716,7662,1
20240305,3477,5
20240111,847,2
20240417,5969,4
20240126,8538,1
20240530,7240,4
20240808,3325,4
20241206,3315,4
20240824,6737,3
20240824,7237,1
20240806,7795,1
20240530,3690,4
20240502,3069,2
20240523,7989,4
20240707,2158,3
20240911,5222,5
20240308,2553,3
20240413,4562,2
20241201,5634,4
20240607,8375,1
20241104,6627,4
20241227,5020,2
20241026,837,1
20240330,958,3
20241222,6165,5
20240912,4440,5
20241218,8985,4
20240807,2213,3
20240109,4257,2
20240112,3710,5
20241120,3467,3
20240831,9125,4
20240630,1323,1
20241010,4192,4
20241107,8724,4
20240408,6867,3
20240715,6050,5
20240813,3609,3
20241128,4856,1
20240412,1424,3
20240415,4581,2
20241230,4506,4
20240227,1570,5
20240318,819,1
20240315,1294,4
20240211,7098,3
20241119,6001,2
20240629,5634,3
20240202,1402,4
20240311,2694,1
20240225,2121,5
20240414,8192,4
20240718,4238,1
20240410,4846,4
20240912,2783,2
20241102,3201,3
20240314,2588,5
20240619,2614,1
20240522,4048,5
20240614,8447,5
20240917,1319,5
20240808,7387,1
20240323,5892,1
20240630,1316,5
20241102,2556,3
20240110,2066,4
20240104,6824,5
20241216,8652,2
20241201,9015,5
20241018,77,1
20241007,6996,4
20240802,5490,2
20240407,8251,4
20240410,7203,4
20240109,5811,2
20240301,7156,5
20241104,1637,5
20240525,8060,5
20240303,356,3
20240430,2089,5
20240813,8011,2
20240414,660,3
20240916,4278,5
20241214,8820,3
20240911,6151,2
20240725,8665,5
20240128,2984,1
20240618,3043,2
20241201,7662,4
20240316,2696,4
20240425,3644,2
20240309,4240,4
20241219,3082,2
20240821,5956,1
20240101,1401,2
20240615,2881,5
20241217,4803,5
20240805,5505,3
20240929,4139,4
20240907,8359,4
20241212,3865,2
20241209,5430,4
20240622,7698,5
20240618,6834,1
20240902,8397,2
20240330,1348,4
20240218,4165,5
20241020,6781,3
20240529,2726,4
20240511,4868,1
20240228,6227,1
20241119,7498,4
20240717,5423,4
20240802,7734,5
20240218,8961,4
20240819,1777,3
20240903,7116,5
20240826,7693,2
20240616,6137,3
20240217,496,5
20240220,168,5
20241025,7636,1
20240407,1539,5
20240803,2135,3
20240625,2358,4
20240320,5151,3
20240703,5775,2
20240127,1255,5
20240713,61,5
20240801,9149,5
20241207,1654,5
20240423,6200,1
20240829,7989,1
20240503,1267,4
20241031,4218,5
20240316,8382,2
20241106,3564,4
20241107,4212,5
20240714,7024,1
20241216,6682,2
20240213,2337,4
20240704,4105,2
20241208,6975,5
20240902,3019,3
20240324,5151,2
20240725,344,2
20240530,3655,1
20240604,8001,5
20240116,4122,2
20240613,1356,5
20240524,8426,1
20240206,353,5
20241128,5910,1
20240214,2723,1
20240724,1765,4
20240302,5619,5
20241221,2436,3
20241103,7134,4
20240119,8920,1
20241230,5334,3
20241026,6624,2
20240107,5402,2
20240905,4008,4
20240426,8699,3
20240308,8063,5
20240203,8257,3
20240712,4888,4
20241120,4821,5
20240224,8611,5
20240922,5928,2
20240211,7139,3
20241023,3172,5
20240818,405,4
20240110,4445,2
20241223,8839,5
20240507,7705,3
20240627,4247,2
20240711,8026,3
20240401,1536,3
20240818,9037,3
20240318,1515,2
20240325,6752,5
20240130,3309,1
20240731,5100,5
20240218,2434,2
20240921,9145,1
20240524,3057,1
20240309,4512,1
20240227,1481,4
20240703,3576,2
20240302,629,4
20241103,5407,1
20241022,7712,4
20240614,3238,4
20240619,7153,2
20240303,2682,3
20240526,7999,4
20241101,145,4
20240609,2998,1
20240520,4293,1
20241129,7141,1
20240406,8249,5
20240808,7713,4
20240212,6655,1
20241018,5483,2
20240417,935,5
20240922,7583,3
20240404,8703,4
20240918,8521,4
20241108,8949,2
20240311,3256,3
20240806,560,3
20240121,4361,5
20240401,3825,4
20240506,7225,1
20240320,9024,2
20241107,2047,2
20240825,8455,2
20240630,286,2
20240125,3526,1
20240604,1786,1
20240105,4376,5
20240429,7084,4
20241003,935,1
20240118,8209,5
20240716,3445,3
20240226,4450,4
20240402,3775,1
20240119,2065,3
20241218,1180,5
20240711,8586,1
20240824,2048,1
20241003,6482,3
20240814,160,1
20240820,4403,2
20240209,7851,1
20241118,8642,4
20240601,8915,3
20240506,8192,4
20240824,2647,5
20240224,4509,4
20240620,8075,2
20240418,7530,2
20241219,9174,4
20240702,1843,5
20240716,9149,1
20240327,4820,2
20240719,821,4
20241202,7505,4
20241117,8221,4
20241001,1883,1
20240729,7897,3
20240427,5705,5
20240709,7846,3
20240211,5444,5
20240211,9095,5
20241110,3579,4
20241002,1404,2
20241124,7293,4
20240117,839,1
20241009,2280,5
20240914,951,2
20240303,6417,5
20240302,3860,5
20240409,1811,4
20240119,8264,2
20240117,7233,2
20241120,741,5
20240902,2751,2
20240907,1928,2
20240321,7676,4
20240208,2481,3
20240205,9060,1
20240715,7331,3
20240606,8213,2
20240722,7925,5
20240714,4891,1
20240803,7306,1
20241011,907,5
20240714,4690,1
20241102,1948,5
20240531,1395,1
20240114,1305,3
20241120,1655,1
20240525,7509,4
20240226,1233,5
20240729,5031,1
20240924,6896,5
20240728,969,4
20240117,7310,1
20241012,989,1
20241209,4148,4
20240721,5385,4
20240408,3987,4
20241005,5310,5
20240727,9124,4
20240508,8247,5
20241130,3035,3
20241014,9006,1
20240908,4051,1
20240921,5083,2
20240927,5248,3
20240706,332,4
20240801,2411,4
20241009,2177,3
20240729,2760,4
20241230,1606,2
20240316,6198,5
20240527,3945,1
20241116,1327,3
20240731,4326,1
20240418,7333,5
20240508,2398,3
20240110,3254,5
20240216,2154,4
20241110,1719,4
20240405,6939,4
20240412,377,5
20241207,2619,5
20240525,4301,5
20240127,3753,1
20240807,2484,5
20240118,4810,4
20240615,6165,2
20240322,571,5
20240312,9036,2
20241105,2823,4
20240910,5165,5
20240610,7580,1
20241122,2734,1
20240207,6521,2
20240719,3756,1
20240718,4013,1
20240911,2418,1
20240627,8799,4
20240204,309,1
20240322,5358,3
20240807,1151,5
20240606,2079,1
20240104,7024,1
20240615,4558,1
20240722,1022,3
20240712,5460,1
20240822,5367,1
20240724,1450,5
20240529,586,3
20240607,2397,3
20241005,5099,1
20241030,292,3
20240614,7074,2
20241106,1902,3
20240308,1280,3
20240328,7510,3
20240804,1055,4
20240101,9128,4
20240514,8092,4
20240703,9096,3
20241216,2767,2
20240519,8232,3
20240415,4584,1
20240512,6368,2
20240417,2368,4
20240626,7456,5
20241024,4814,2
20241223,701,4
20241224,8495,2
20240525,4826,2
20240314,8973,3
20240417,5361,1
20240501,5058,5
20240117,2443,4
20240714,5141,2
20241122,8239,5
20241113,9117,2
20241023,7832,1
20240908,3371,5
20240428,8726,4
20240610,7285,2
20240716,6555,1
20240214,39,5
20241109,3357,2
20240627,9097,2
20240213,2859,4
20240927,1113,1
20240318,7042,3
20241121,1838,2
20240626,3170,5
20241222,3108,4
20240103,5673,4
20240801,3793,2
20241207,2911,2
20240314,1003,2
20240220,4131,3
20240307,6461,2
20241127,4194,1
20240402,1697,5
20240624,5641,2
20240524,7443,3
20240107,948,5
20240925,3613,4
20241117,1995,2
20240104,3071,5
20240517,9003,4
20240818,806,3
20240328,5405,1
20240117,6650,2
20240221,2270,1
20240513,3625,3
20240729,1622,5
20241120,5194,5
20240806,6588,3
20240723,999,3
20240729,5791,2
20241003,3691,4
20240124,3395,1
20240104,8730,1
20240531,8801,5
20240915,1065,5
20241119,3648,2
20241222,6357,3
20240616,974,1
20240624,6074,2
20241105,8903,5
20241017,5670,5
20240225,4488,1
20240417,2961,5
20241022,7744,5
20241119,541,4
20241028,3239,3
20241129,1890,5
20240520,1778,4
20240603,8731,2
20240918,5812,5
20240929,7114,2
20240819,5124,5
20240828,6659,1
20241220,131,4
20241202,2448,4
20240914,5478,1
20240905,598,3
20240317,8605,4
20240628,3803,2
20240306,4182,4
20241103,8484,3
20241213,1404,2
20240619,8376,2
20240122,6169,1
20240416,5435,5
20241118,8939,1
20240814,2058,5
20240803,4212,1
20240309,3511,5
20240324,793,4
20240412,228,2
20240208,3777,5
20240113,6746,4
20241023,3132,3
20241108,5806,1
20240629,8802,3
20240924,2735,4
20240113,8924,3
20240429,9146,3
20241218,6062,4
20240226,8051,2
20240209,2,5
20241201,6383,1
20240507,1964,5
20240621,6747,1
20240204,7852,5
20240915,932,3
20240105,3189,2
20240805,7029,3
20240111,100,2
20241122,1724,4
20240426,3056,1
20240702,120,1
20241227,9097,4
20240425,8638,5
20240610,1910,4
20240307,6105,4
20240718,8527,2
20240131,6097,4
20240315,649,1
20240824,1940,3
20241122,2071,2
20240306,6932,2
20240310,3159,5
20241023,567,3
20240120,8926,2
20240813,5398,4
20240717,3926,2
20240208,3404,2
20240524,8461,2
20240214,2445,5
20241121,473,2
20240331,222,2
20240825,914,5
20240310,22,3
20240614,8620,1
20240509,909,5
20240801,529,5
20241205,7313,2
20240329,4919,2
20241130,7886,1
20240908,4124,2
20241214,7198,4
20240312,1575,2
20240613,1281,2
20240218,3653,4
20240221,8960,1
20241015,3442,4
20241004,4795,5
20240423,1942,4
20240826,2371,3
20240512,4805,5
20240930,321,2
20240614,7998,5
20241019,3680,1
20240830,7072,1
20241115,676,4
20240517,4659,5
20240319,8522,2
20240618,2935,1
20240502,8965,2
20240624,6251,3
20241026,6093,1
20240322,367,4
20240327,9113,3
20240812,7020,5
20240116,173,2
20241105,971,1
20241223,2086,3
20240611,8614,3
20240407,3468,1
20240604,6690,5
20240102,970,5
20241215,6310,4
20240617,1727,5
20241110,4718,4
20241120,6578,3
20240401,5646,1
20240629,1409,5
20240818,4747,4
20241027,3729,3
20240527,544,5
20241006,2973,2
20240707,7923,3
20241212,3606,5
20241215,6910,3
20241109,9150,1
20240507,540,1
20240107,6492,1
20240216,2,2
20240222,389,1
20240705,4663,2
20240207,2380,1
20240813,1540,3
20240222,1661,5
20240811,14,5
20240602,4614,1
20240217,2293,5
20241216,3170,1
20240526,8340,1
20240304,3829,4
20241214,3231,4
20240630,8238,4
20240504,2128,2
20240627,4371,4
20240208,5558,1
20240916,4570,3
20240103,7077,4
20240304,3389,4
20240129,6445,3
20240111,3481,1
20240406,3096,2
20241223,644,4
20240721,284,3
20240121,5739,1
20240208,5912,5
20240810,3447,2
20240411,6291,3
20240215,5910,3
20240306,7130,3
20240331,6671,4
20240612,590,5
20240420,7044,2
20241203,6114,1
20240502,3207,1
20240711,3193,5
20240408,6067,3
20241017,2749,3
20240607,6131,3
20240412,3583,3
20241007,2218,3
20240212,1405,5
20240324,1757,4
20240709,1940,2
20240220,634,3
20240728,1289,4
20240505,971,1
20240309,1954,5
20240921,3968,4
20240914,983,3
20240706,296,3
20240817,6277,3
20240707,1073,4
20240110,4308,3
20240423,5193,4
20240316,6995,3
20240612,1244,1
20240325,4600,1
20240218,8486,2
20241121,2755,3
20240625,2304,3
20240805,1254,4
20240707,5385,4
20241211,140,3
20240817,7492,2
20240911,5357,3
20240823,7370,4
20240126,6653,3
20240312,6585,4
20240917,3264,3
20240910,9129,5
20240927,7614,4
20240502,6309,2
20240523,6542,5
20240913,5772,3
20240523,1984,4
20240915,906,5
20240216,4485,2
20241216,7194,4
20240113,8339,5
20240726,6827,5
20241106,7538,5
20240822,4627,1
20240528,1213,3
20241117,5253,4
20240603,6104,4
20240614,6272,4
20240330,7724,5
20240704,3734,3
20241113,317,2
20241223,1001,4
20240622,4455,3
20240804,4924,3
20240920,3087,1
20240406,3139,4
20240426,8144,5
20240717,3306,3
20241115,4048,3
20240121,5120,2
20240718,718,1
20241206,8152,3
20240904,589,3
20241002,5719,5
20240920,7867,5
20240227,5223,2
20241028,6939,2
20240131,3843,2
20240905,3245,5
20240402,503,5
20240921,7129,1
20240927,3188,4
20240403,1682,4
20240602,4129,1
20241011,3568,4
20240320,7780,5
20241018,1015,4
20240324,9061,5
20241230,1403,1
20240206,5465,2
20241207,3727,1
20241122,1382,4
20240819,8208,5
20240402,9032,4
20241201,469,4
20240411,2787,2
20240614,3741,4
20240607,7251,2
20240114,4821,5
20240812,2205,5
20240313,9127,2
20240905,2890,1
20240331,5607,5
20240803,1455,1
20240330,8946,5
20240129,6074,5
20241031,7025,3
20240807,7132,4
20241123,9172,4
20240802,3004,1
20240808,6243,4
20240211,6486,1
20240514,2878,5
20240211,1192,3
20240612,4775,3
20241226,12,5
20241009,5267,2
20240227,4414,2
20241028,8253,4
20241117,9154,1
20240125,5460,3
20240313,6585,4
20240508,8231,5
20240327,421,3
20241125,4446,1
20240601,5258,1
20240630,6557,2
20240504,6951,4
20240307,8925,5
20240106,4161,3
20240504,155,1
20241109,4897,3
20241121,6027,5
20240222,978,3
20240306,7166,4
20241109,8583,2
20240322,3625,3
20240327,6909,2
20240102,7330,5
20240722,120,2
20240529,5554,3
20241019,6802,3
20240412,2152,1
20240124,4460,3
20240730,3545,2
20240305,1301,1
20240727,7067,3
20240907,3669,3
20240426,7117,5
20240425,2374,1
20240824,8124,5
20240414,8655,5
20240915,6456,5
20240215,5062,4
20241106,8246,5
20241126,5218,2
20240803,1813,3
20241027,5306,4
20241128,5510,5
20240124,6299,3
20240204,7304,1
20240124,1315,1
20240128,6884,3
20240116,3112,2
20240228,4631,3
20240830,10,3
20240725,5767,4
20240927,6310,1
20240905,4830,1
20240923,1087,5
20240711,3240,3
20241130,1331,3
20240805,5714,2
20240424,6822,1
20240308,6689,2
20241025,3698,4
20241120,7246,5
20240315,3288,2
20240412,7015,1
20241023,160,4
20240626,5025,3
20240802,3055,4
20241110,497,2
20240208,3194,1
20240915,1264,2
20240722,645,3
20240107,8872,3
20240218,2867,1
20240126,1002,5
20240609,7641,4
20241222,7346,4
20240624,8860,3
20240319,9179,2
20240102,1115,2
20240511,6667,5
20241002,8651,2
20240426,7440,4
20240612,5031,2
20241014,784,5
20240128,1358,4
20241128,4373,2
20240101,6795,4
20240706,6617,3
20240225,2364,3
20240204,5714,3
20240421,1256,2
20241012,1140,5
20241105,6779,4
20240205,5116,1
20240804,7862,3
20240320,75,3
20241109,5487,1
20240323,5204,1
20240305,2487,2
20241120,722,4
20240507,1819,3
20241102,6719,5
20240122,3728,2
20240803,5066,2
20240416,2490,5
20240418,3625,5
20241222,4270,5
20240629,7416,1
20241221,1750,3
20240612,8277,1
20240308,7998,3
20241018,2443,1
20240628,7445,4
20240629,8552,3
20240617,5264,2
20240122,5306,3
20240306,2832,3
20240121,3889,3
20240409,4226,4
20241026,676,1
20240412,3389,2
20240216,222,1
20240208,2680,1
20241011,2508,5
20241105,6828,4
20240330,647,5
20240325,3098,4
20240929,3734,1
20241201,7138,1
20240706,1694,4
20240607,251,1
20240830,7465,1
20240313,4458,2
20240218,6785,5
20240410,6114,5
20240102,8574,5
20240831,2383,3
20240624,300,2
20240825,163,5
20240228,4052,5
20241218,6564,2
20240408,7136,1
20241224,4910,5
20240102,5295,1
20240830,1027,5
20241023,2800,4
20240729,3740,3
20240502,4591,5
20240816,5797,4
20240322,6272,2
20240523,2423,4
20240519,355,2
20240129,2832,5
20240926,2511,2
20240903,5977,4
20240112,5314,3
20241220,7593,1
20241202,1704,1
20240415,3282,3
20240201,4421,1
20240314,8472,5
20240619,1457,5
20241202,8616,4
20240309,4452,4
20241027,5450,2
20241227,8454,4
20240516,4122,5
20240409,575,4
20240525,8804,1
20240109,5563,2
20240302,1841,2
20240703,7648,5
20240129,8344,4
20240423,3153,1
20240522,7712,4
20240429,8283,3
20240618,7861,4
20240605,6736,5
20241130,7017,4
20241214,4240,2
20240916,2993,1
20240322,7392,5
20240829,5922,3
20240620,6112,1
20240818,5671,1
20240726,9003,2
20240315,4274,2
20240926,8305,2
20240423,5916,5
20240302,4932,4
20241227,8448,1
20241115,2545,4
20240411,1975,4
20241227,7060,2
20240728,1063,4
20240911,5787,1
20240120,2544,1
20240227,2979,3
20240421,7152,5
20241108,978,4
20240714,551,5
20241218,7359,5
20240401,7198,5
20240221,7986,5
20241019,8753,1
20240108,860,4
20241026,5792,3
20240407,3051,5
20240823,5962,3
20240309,2509,1
20240214,2734,1
20240516,1899,2
20240821,4364,5
20240201,5194,2
20241015,6625,3
20240505,6445,4
20240307,7173,2
20240130,6503,1
20240423,4752,5
20240722,6540,3
20240129,3865,1
20240510,704,4
20240703,5190,5
20240909,8667,4
20241012,5093,4
20240302,5463,5
20240103,1194,5
20240308,9093,4
20240125,6421,3
20240627,8610,5
20240520,6922,1
20240818,8819,2
20241026,1653,3
20240611,5686,5
20241106,6943,5
20240509,1397,3
20240902,1418,2
20241023,9030,4
20240620,3307,1
20240304,9030,5
20240131,434,2
20240216,4532,1
20240509,3317,3
20241217,7876,5
20241128,7889,4
20240419,5708,3
20240309,782,5
20240227,2059,2
20240415,1564,1
20241026,6155,1
20241125,3731,5
20240912,4496,3
20241107,7917,4
20240619,6563,2
20240610,2308,5
20241012,4852,2
20240311,7777,1
20240911,6808,4
20240224,7657,2
20241118,8012,5
20240103,6022,4
20240126,5557,3
20241108,9111,5
20240505,6371,2
20240222,8452,4
20240716,7399,5
20241025,2400,4
20240706,4283,4
20240704,686,4
20241031,178,2
20241024,8675,5
20240722,4607,1
20240111,4810,1
20241224,4813,2
20241219,6051,2
20240525,2370,4
20240325,5902,5
20240409,7980,5
20240413,5842,3
20240215,8756,3
20240213,4734,1
20241004,608,3
20240629,4854,3
20240705,7413,1
20240423,3508,1
20240911,6179,3
20240130,2687,5
20240920,4215,3
20240407,17,4
20241108,3206,4
20241124,407,4
20240424,8635,2
20241002,6287,4
20241007,586,5
20241001,3646,2
20240917,6187,2
20241126,7196,4
20240725,8452,3
20241123,3912,1
20240729,8142,3
20240802,2294,3
20240209,8999,2
20240126,7470,2
20240127,8925,2
20240708,790,5
20240323,6884,5
20240618,2262,1
20240615,7103,2
20240706,82,4
20240617,8099,2
20241015,7114,5
20240816,3941,2
20240406,9066,5
20240116,7359,2
20241005,7098,4
20240514,6245,1
20240126,4955,4
20241217,3286,5
20240112,3471,3
20240312,7807,4
20240512,8618,2
20240415,7669,1
20240807,2726,2
20240625,1683,2
20241008,162,4
20240512,6435,1
20240122,380,3
20240925,4546,2
20240609,5345,1
20240416,5525,3
20241005,8773,2
20241218,8983,1
20240822,6508,4
20240118,5454,2
20240829,6526,2
20240426,7523,1
20241012,1261,2
20241008,3854,3
20240523,8570,2
20240723,2391,5
20240208,3024,3
20240602,9173,1
20240624,1842,3
20240828,6994,5
20240513,8588,5
20240215,4300,2
20240219,6925,2
20240614,8580,4
20240415,2211,3
20240803,3762,4
20240525,8862,5
20240312,5993,2
20241125,5622,2
20240929,784,2
20240903,795,1
20240704,6318,5
20240310,3998,2
20240529,8733,5
20240902,536,2
20240918,9146,3
20240126,7588,5
20240519,5799,4
20240408,4598,1
20241004,5961,4
20240220,4956,5
20240530,6282,2
20240413,7143,5
20240329,2476,1
20240520,700,5
20240731,2175,2
20240820,7046,4
20240701,5356,3
20240907,39,4
20240109,4890,2
20240319,1271,2
20240221,7716,1
20240925,2211,5
20240813,7184,5
20240220,316,4
20240704,7546,3
20240203,6396,3
20241017,661,1
20240817,8808,2
20240510,8872,1
20240429,4345,5
20241121,7018,2
20240903,3552,1
20240710,4573,4
20241118,6594,5
20240728,8493,3
20240412,4097,1
20241124,4198,5
20240512,8671,5
20241118,3769,3
20240518,1739,3
20240430,1391,3
20240403,8725,1
20240508,8913,3
20240331,1668,4
20240401,2081,5
20240303,23,3
20240129,2475,5
20240728,5941,2
20240112,6266,2
20241128,7314,3
20241023,3315,5
20240509,6294,2
20241019,8572,3
20240621,7372,5
20240726,3742,3
20240124,6287,5
20240408,6010,2
20241221,529,3
20240518,463,2
20241109,6034,3
20240622,5358,1
20240129,8052,2
20240522,2535,2
20241111,3096,4
20241216,1443,2
20240211,3982,5
20241025,6460,3
20240726,9133,1
20241125,2174,5
20240710,5147,5
20240608,2562,5
20240304,2994,5
20240830,2664,1
20240914,8524,4
20240531,3098,2
20240802,1052,5
20241117,3504,2
20240614,7623,2
20240131,7563,5
20240819,2649,4
20241008,3998,2
20240129,1793,3
20240713,7921,2
20241129,5125,5
20240912,5204,1
20241007,7397,2
20241030,1139,4
20241116,712,3
20241118,2194,3
20241211,5266,1
20241020,1944,1
20240327,1028,2
20240528,241,5
20240905,7340,4
20241116,1843,3
20241009,7928,1
20241227,5603,4
20240716,2038,5
20240213,4981,3
20241221,5906,3
20240128,1095,5
20240117,5051,3
20240506,2578,5
20240616,3307,3
20240831,3601,2
20240316,4446,5
20240818,6856,4
20240722,6658,2
20240904,3974,4
20241028,176,3
20240801,608,4
20240802,3405,2
20240606,6012,5
20240309,6369,1
20240325,678,4
20240923,556,1
20240309,5448,4
20240408,5108,4
20241212,882,5
20240803,8642,3
20240609,5484,2
20240403,6271,2
20240622,1184,2
20240613,845,3
20240424,1666,1
20240807,1151,2
20240131,2825,1
20240111,8686,3
20241208,1034,3
20240509,5252,5
20240414,1298,2
20240127,674,5
20240814,2025,2
20240102,8609,3
20241224,1748,3
20240410,2140,4
20240121,2186,4
20240227,8285,3
20240628,3486,3
20241206,9047,1
20241214,5639,1
20240120,8710,5
20240911,8348,4
20241112,2112,4
20240207,5083,3
20240527,6412,3
20240125,2772,5
20240430,3935,4
20240126,8205,1
20240617,1915,2
20241118,2625,5
20240812,6915,2
20240101,1464,1
20241102,8757,1
20240917,5032,2
20240113,8018,5
20240217,6067,2
20241108,2111,5
20241017,8914,5
20241127,6419,3
20240403,3346,4
20240917,7481,4
20241004,5120,1
20241224,2993,3
20240723,2854,4
20240703,3399,5
20240623,700,5
20241104,7550,2
20240309,4298,2
20240413,7755,5
20240902,7729,5
20240609,1634,2
20240718,6883,4
20240803,1446,1
20240730,9086,2
20240116,4728,4
20241127,5013,4
20240723,177,4
20241230,1989,3
20240208,3306,3
20240329,8480,4
20240912,646,5
20240910,920,3
20240803,2029,2
20241029,7915,3
20240620,219,5
20240516,596,1
20240626,5690,3
20240317,9051,4
20240706,5362,4
20240115,2658,4
20241018,8036,1
20241114,2312,5
20241120,889,2
20240801,5575,5
20240726,704,1
20240617,4015,4
20241125,686,5
20241006,7946,2
20241031,1186,4
20240525,5606,2
20240919,9154,3
20240104,6357,2
20240330,1464,4
20240229,2554,3
20241106,3974,4
20240116,6300,4
20240814,5447,3
20240129,4275,2
20240530,2376,1
20240901,6179,1
20240926,3685,1
20240319,1768,1
20241015,8119,5
20240601,1953,1
20241003,8581,3
20241005,5991,1
20240226,6603,4
20240704,8635,1
20240402,6319,2
20241002,7364,3
20240606,7894,3
20241001,9105,5
20240629,6648,4
20241224,612,3
20240317,3077,2
20240530,2351,1
20240825,587,3
20241015,7540,2
20240818,6186,1
20240118,7112,5
20240313,2105,3
20240707,6581,3
20240117,4639,2
20240119,1648,4
20240806,1532,5
20241121,3663,4
20240429,1552,3
20240410,3152,4
20240203,7000,1
20240324,110,5
20240714,3765,4
20241125,8554,1
20240720,8193,2
20241209,8122,4
20241206,5428,5
20240111,4681,1
20241212,625,4
20240805,1742,2
20240909,1869,4
20240809,5070,1
20240320,2339,4
20240107,5789,5
20240928,6534,3
20240814,1764,1
20240116,796,1
20240112,7567,1
20241017,6838,1
20240828,2120,4
20240121,3882,5
20240626,7212,2
20240815,4991,5
20240929,2128,1
20241014,5894,4
20241023,3985,4
20240513,7283,1
20241009,1592,4
20240601,2289,1
20240306,4884,5
20240516,6759,3
20240401,2441,4
20241112,5561,1
20240915,6867,1
20240412,2566,4
20240224,6426,2
20240913,8,1
20240410,8106,4
20240716,2570,1
20241027,490,2
20240813,5431,3
20240824,8695,2
20240126,7258,5
20240430,6725,4
20240630,5015,2
20240717,4669,3
20241028,8097,1
20240911,6078,4
20240501,2300,2
20240131,5238,3
20241110,6986,2
20241011,3540,5
20240415,2837,4
20240811,4958,1
20240929,6545,3
20240819,273,2
20240912,297,4
20240124,1913,2
20240418,4150,4
20240709,6644,5
20241212,3215,2
20240125,5125,5
20240705,7186,3
20241014,627,5
20240425,702,4
20241203,3705,3
20240206,8823,2
20241008,2322,2
20240516,7148,4
20240814,6524,1
20241115,5921,1
20241123,2606,2
20240630,7202,4
20241227,5263,1
20240326,8785,5
20240222,5123,2
20241213,3619,5
20241220,684,4
20240822,4379,5
20240923,7348,1
20241013,1298,1
20240409,938,3
20240327,1140,2
20240115,1544,4
20240410,8457,2
20240613,3726,5
20240129,8023,4
20240423,6289,4
20240416,3879,1
20241229,7852,5
20240509,6803,1
20240324,241,1
20240927,279,3
20240831,660,1
20240801,7563,2
20241101,5584,4
20240614,3005,1
20241005,2519,2
20240228,602,5
20240330,4094,4
20241126,3363,5
20240712,6314,2
20240502,3846,5
20240515,8400,5
20240518,1730,5
20240816,6465,1
20240930,5448,1
20240219,1113,1
20240427,7111,4
20240720,2341,2
20240709,9106,1
20241229,6431,5
20241118,6995,5
20240629,6778,5
20240318,1689,5
20240315,7969,3
20241021,9141,4
20241007,8934,2
20240121,6064,2
20240619,1104,1
20240115,4593,3
20240729,9146,2
20240217,170,4
20240326,1973,5
20240528,6359,1
20240706,5794,4
20241101,6159,2
20240530,5078,3
20240520,3845,1
20240309,9065,2
20240916,8850,1
20241129,6674,2
20240109,456,5
20240430,6055,3
20240410,5940,5
20240528,7377,2
20240525,4643,4
20241218,6385,5
20240830,963,4
20240828,8198,2
20241202,6130,3
20240212,474,4
20240404,7587,2
20240813,4661,4
20240106,407,5
20240801,1802,2
20240724,7393,5
20240307,1153,1
20240409,4756,2
20240112,7437,4
20240824,6377,1
20241117,2469,5
20240914,3689,5
20241202,1392,4
20240514,6716,1
20240809,2612,3
20240604,156,4
20240521,2674,5
20240606,4611,2
20241121,9050,1
20241209,5676,3
20240918,6157,2
20241009,5641,1
20241203,8806,4
20241209,8491,4
20240816,438,1
20241006,7014,3
20241223,4264,1
20241016,1765,2
20240616,4772,2
20240216,1982,4
20240721,4103,1
20240801,4193,4
20240902,7808,3
20240124,2961,2
20241116,5409,5
20240930,7899,5
20240213,5090,1
20241127,7249,1
20241108,1546,5
20241228,3005,1
20240604,7174,2
20240717,4508,3
20240610,948,3
20240821,1475,4
20240611,2738,2
20240425,300,1
20240402,279,1
20240211,6831,4
20241010,1777,4
20240728,41,1
20240724,5842,1
20240807,8278,2
20241006,1002,4
20240515,7823,2
20240415,7808,1
20240427,5732,5
20240824,3213,5
20241104,5389,1
20240409,4805,4
20240917,7202,5
20241031,2539,4
20241219,2494,5
20241012,5169,4
20241123,793,5
20240412,1507,4
20240303,675,2
20240623,1363,4
20241008,7870,2
20241019,7175,2
20240813,2059,1
20240107,7387,2
20240506,3531,3
20240401,9187,2
20240708,4592,4
20241224,742,2
20240222,7487,4
20240829,357,4
20240511,1462,3
20241229,6596,2
20240421,6332,2
20240107,541,5
20240817,6763,5
20240604,420,1
20240715,8005,4
20241118,3755,3
20241229,1861,5
20240810,1493,2
20240906,786,1
20240323,5540,3
20240827,8789,2
20241225,208,2
20241118,2022,4
20240919,1200,4
20240707,2409,5
20241016,4020,5
20241227,7448,2
20240227,2276,2
20240109,3751,5
20241030,6731,5
20240424,4890,2
20240728,8940,3
20240210,4393,2
20241030,7834,3
20240621,3466,3
20240821,7635,2
20241007,2815,1
20240318,8352,5
20240417,5425,4
20241007,1470,2
20240208,6907,3
20240428,5823,2
20241130,6811,5
20241201,4811,3
20240127,5108,4
20240413,1340,4
20240314,4991,4
20240709,1174,1
20241119,4665,3
20240526,5002,3
20240911,4712,1
20241010,355,3
20240731,3843,1
20240502,1983,2
20240724,718,5
20240827,5497,4
20241204,6391,1
20241012,1815,1
20240122,5478,1
20240915,4927,2
20241222,4663,1
20240414,870,5
20240914,2881,5
20240722,197,4
20241105,3127,2
20240918,5685,5
20240416,4507,3
20240907,5838,3
20240808,1532,3
20240809,5017,1
20240914,1371,1
20240719,3644,3
20240914,3643,4
20241214,8229,4
20240812,6147,1
20240720,6603,3
20240813,3326,4
20240823,6063,1
20240701,6261,3
20240718,1002,2
20241222,3336,3
20240902,4630,3
20241218,8384,5
20240420,3756,5
20240106,3067,2
20240823,6589,2
20240506,741,3
20240413,3775,4
20240824,5821,2
20240603,1890,3
20240913,7008,1
20240822,4048,5
20241015,5458,4
20240209,1004,3
20241014,3759,1
20240715,8630,5
20240929,608,1
20240920,1789,3
20240226,950,2
20241024,3823,5
20240407,346,1
20240516,7941,2
20240327,2717,4
20240829,5904,3
20240717,5069,3
20241105,3883,5
20240324,4215,1
20240829,216,4
20241007,2512,5
20241118,1857,5
20240908,9120,1
20240708,4673,4
20240531,7563,1
20241028,7737,3
20241004,785,2
20240518,3170,3
20240624,1643,3
20240108,401,5
20241021,6046,3
20240822,6454,4
20240611,6416,3
20240218,4023,4
20241028,2481,1
20240207,2297,5
20240515,1871,4
20241105,7999,3
20240806,2013,5
20241213,5491,5
20241022,4684,4
20240203,4333,4
20241217,7079,2
20240319,7465,2
20240823,1446,5
20240929,5639,2
20240609,7480,3
20240623,1834,1
20241103,1145,5
20240808,6578,1
20240109,2673,2
20241015,3515,4
20240422,8585,5
20240723,2135,2
20240704,4035,3
20241206,3274,5
20240715,1838,5
20240922,1489,4
20240918,2257,5
20240904,3258,4
20240424,7005,2
20240430,5175,3
20240520,3149,3
20240305,2085,5
20241002,374,5
20241108,1156,2
20240826,1650,4
20241028,4015,3
20240110,3376,4
20240820,6598,2
20240713,7854,3
20240112,7,3
20240625,3282,1
20240625,6579,2
20240804,4943,2
20240111,2621,1
20240427,5921,4
20240612,3288,1
20240208,7630,2
20240222,928,4
20240805,2026,3
20240724,1457,1
20241107,5561,4
20241225,1844,4
20240225,8786,4
20240427,6483,1
20240909,944,3
20241012,3714,4
20240924,1069,1
20241017,5759,2
20241128,1915,1
20240628,6995,1
20241223,7084,1
20240822,3430,4
20241208,457,1
20240714,6233,2
20241103,4667,4
20240320,7958,2
20240514,7852,5
20240122,7616,1
20241126,4473,4
20240812,6606,4
20240227,2324,1
20240402,6283,3
20240710,925,3
20240412,4355,2
20240107,4024,1
20240507,6643,1
20240224,2184,5
20240818,2187,3
20241227,5683,3
20240302,6328,1
20240827,8334,2
20240330,8055,1
20240819,6804,2
20240820,800,3
20241219,6154,5
20241128,6359,4
20241018,2431,3
20241210,9007,2
20240531,4169,1
20240524,5634,3
20240509,1951,5
20240520,3822,2
20240402,7166,1
20240423,3251,4
20241010,2367,2
20240522,1947,1
20240810,8575,4
20240819,4931,1
20240202,5513,4
20241002,961,4
20240618,1454,4
20240519,7749,1
20241222,4872,4
20240719,355,2
20240123,397,5
20240811,8510,5
20240926,153,4
20241212,373,5
20240601,4946,5
20241128,3471,4
20240325,1642,4
20240418,6641,2
20240131,5019,3
20240816,6667,1
20240827,6431,4
20241228,3185,4
20241105,3850,5
20240520,8036,2
20240604,2166,5
20241025,6920,4
20241210,2849,4
20240408,2582,5
20240216,1322,4
20241122,8867,3
20240307,2675,1
20240302,3745,1
20240418,6222,1
20240615,3177,3
20240206,1155,4
20240428,8477,5
20240326,1723,2
20240221,3645,4
20240331,3226,3
20241015,6553,3
20241202,490,1
20241024,7703,4
20240722,9187,1
20240825,1222,2
20240603,1975,1
20240827,572,2
20240515,897,3
20241227,4776,1
20240304,5882,1
20240502,6978,5
20240910,7185,3
20240423,7948,5
20240120,5362,2
20240116,7288,2
20240524,8144,3
20240726,2469,2
20240119,4509,3
20240614,1961,2
20240207,2823,4
20240629,6657,1
20241214,3840,4
20240414,3551,3
20240409,6083,3
20240330,3817,4
20241026,4714,1
20241127,1985,1
20240319,5821,5
20240313,6157,2
20240624,2834,5
20240405,9113,1
20241210,379,4
20240412,4273,2
20240811,3134,4
20240106,1878,5
20240501,130,3
20240823,7099,4
20240425,8035,5
20240611,2399,5
20240813,3950,5
20240817,7761,3
20240630,5457,3
20240905,2505,3
20241113,6995,2
20240728,9153,3
20240523,7680,3
20241210,1739,3
20240405,8201,4
20241211,2782,3
20240831,1152,2
20240326,4132,5
20240702,3435,4
20240430,5860,1
20241127,4793,3
20240401,3921,5
20240310,3652,5
20240512,2968,4
20241005,5944,1
20240516,291,2
20241109,2014,5
20240705,1242,5
20240808,6352,5
20240215,3750,5
20241004,710,4
20240710,4167,1
20240108,7920,5
20241002,7489,2
20240627,7556,2
20241129,2856,3
20240208,4223,5
20241019,8752,5
20240626,1103,5
20240610,3378,5
20241126,25,5
20240413,6159,2
20240609,5683,1
20241013,4251,1
20240502,8087,3
20240223,2250,2
20240203,7314,5
20240829,8411,1
20240422,8467,4
20241113,3762,4
20240123,3190,4
20240215,4912,5
20241107,5052,5
20240514,7446,3
20240427,8624,3
20240707,2029,3
20240510,1396,4
20240730,1113,5
20240422,3441,4
20240213,3670,3
20240507,7957,5
20241229,9120,2
20240606,202,1
20240929,5424,1
20241110,2107,3
20241220,2145,4
20241205,5257,2
20240214,8568,5
20240417,5662,4
20240806,5200,3
20241113,5791,4
20241110,7932,3
20240625,7566,1
20240815,7842,1
20240709,7374,4
20240608,6480,2
20240923,1512,5
20241223,2570,3
20241121,5424,5
20240708,2966,1
20240623,1253,2
20241016,9184,2
20241222,4742,5
20240524,3980,1
20240819,5701,5
20241225,3716,4
20240722,2795,2
20240731,7417,2
20240209,1603,4
20241001,2383,1
20241118,5804,2
20240322,451,3
20240629,2843,3
20241115,1571,1
20240323,7589,4
20241029,7499,5
20240918,197,1
20240928,7209,5
20240718,6702,1
20240827,5580,3
20240628,7260,4
20240619,7670,3
20241021,5590,4
20240625,1604,5
20240824,8870,1
20240517,174,2
20241122,6570,2
20241106,8263,4
20240508,6861,4
20240218,2322,3
20240612,1243,2
20241003,7245,3
20241019,5605,5
20240425,6934,2
20240124,5600,5
20241106,6061,1
20240125,4960,3
20240506,7946,4
20240821,7031,2
20240727,7777,3
20240402,5101,4
20240403,7180,1
20241122,1899,2
20240812,1824,5
20241006,3182,1
20240111,6367,4
20241124,9028,2
20240112,6071,2
20240204,2452,1
20240815,6483,2
20240807,9099,4
20240520,5966,1
20240123,5291,5
20240323,8878,1
20240816,7837,1
20241209,4743,5
20240320,2639,4
20241218,5753,3
20241016,4247,3
20241126,5808,5
20240607,4538,4
20240507,5586,2
20240708,9029,5
20240131,2239,3
20241224,8408,4
20240115,6106,1
20241108,8681,4
20240315,6376,4
20240203,1963,3
20241224,7109,3
20240714,6333,2
20241126,3811,2
20240129,249,5
20240712,9139,1
20240116,3622,2
20240317,8062,3
20241019,537,4
20240321,5919,5
20240503,4903,2
20240119,5847,4
20240411,7137,4
20240317,5857,2
20240816,1331,1
20241023,1139,1
20240721,5636,5
20240301,5438,1
20240126,2602,5
20240311,5687,3
20240412,1393,2
20241121,3389,4
20241228,1534,5
20240605,5792,1
20241228,7954,5
20241224,6108,5
20240712,8437,1
20241001,5370,1
20241119,4983,2
20240704,9102,4
20241121,5589,2
20240422,4087,2
20241108,2272,1
20240613,8607,1
20240301,4439,4
20240401,3252,5
20241012,3908,2
20240601,2020,4
20240812,2031,2
20240506,1787,5
20240711,8372,2
20240424,3991,3
20240918,1766,4
20240118,8986,1
20240110,7449,2
20240401,7189,4
20240518,6484,4
20241128,9150,2
20241222,3235,1
20241205,554,1
20240221,1476,2
20240713,5199,4
20240724,8566,1
20241013,249,2
20240402,1563,2
20241104,7499,2
20240524,4228,4
20240326,1688,1
20240601,6723,4
20240102,8001,3
20241207,2115,1
20240916,3763,4
20240612,3188,1
20240106,1830,3
20240528,3856,5
20240723,8035,2
20240427,7026,4
20240329,4508,3
20240602,689,3
20240615,8107,1
20240609,8597,1
20240926,2173,2
20240225,2676,1
20240815,2079,4
20241202,3268,4
20240528,4994,4
20240215,7722,5
20240523,8950,4
20240825,1416,1
20240928,3274,1
20240429,3938,4
20241205,4229,3
20240807,3242,3
20240108,2760,3
20241209,6106,2
20241001,3881,5
20241218,5833,4
20240306,2237,2
20240319,2807,3
20240326,4078,4
20240503,1539,2
20240720,8243,1
20240529,6213,3
20240215,4040,2
20240422,2581,1
20240331,2818,3
20240520,3724,5
20241015,6170,3
20240805,734,5
20240317,6531,5
20241129,4594,5
20240531,987,4
20241118,3733,4
20240826,7414,5
20240424,4417,1
20241114,4567,5
20240403,2222,2
20240217,4441,5
20240709,6934,4
20240112,8854,4
20240604,8405,2
20240620,8699,2
20241022,2219,3
20240625,5360,1
20241206,3291,1
20240226,1117,1
20241208,5258,4
20241205,6629,1
20240721,8726,3
20240703,5238,3
20240430,8603,1
20240813,645,2
20240720,6698,3
20241125,292,2
20241228,247,4
20241221,5705,3
20240803,7678,2
20240212,26,1
20240123,7487,4
20240603,6425,5
20240704,8671,5
20240905,3779,1
20240824,6614,4
20241019,5117,4
20240513,7021,4
20241116,3498,4
20240122,2009,5
20241226,8701,2
20240328,1087,4
20240601,6722,2
20240504,230,4
20240319,7624,3
20241211,2621,3
20240220,8369,3
20240803,4796,4
20240624,3328,2
20241223,7782,5
20240909,5954,1
20240902,2310,5
20240814,5700,4
20240415,1711,3
20240711,1961,3
20241111,2798,2
20241028,3659,4
20240205,5256,5
20240722,6435,4
20240923,7576,4
20240924,2660,3
20240618,6604,5
20240208,6368,1
20240518,1947,3
20241018,1772,5
20240221,5100,2
20241013,5652,3
20241015,1131,2
20240520,507,3
20240525,8830,4
20241109,7907,5
20240702,6489,2
20240531,4973,3
20240719,2758,2
20240507,7885,3
20241013,7179,3
20241106,5466,1
20240909,5273,1
20240922,8567,1
20240706,7205,2
20240817,6117,4
20240927,9080,3
20240915,9096,5
20241025,634,1
20240716,897,2
20241118,9007,2
20240225,3657,2
20241114,1311,5
20240721,8455,5
20240927,2910,1
20240418,6608,5
20240425,944,1
20240401,5381,5
20240517,8730,5
20241029,3227,5
20240226,2424,1
20240219,8218,3
20240311,3438,1
20240322,6991,3
20240414,7613,2
20240328,5173,2
20240102,3682,1
20241225,5988,3
20240324,6251,3
20240212,8296,3
20240602,2483,2
20241122,6232,1
20240403,3634,4
20241024,1651,3
20240512,8174,3
20240305,3598,4
20241016,4024,1
20240913,3341,3
20240731,8167,1
20240527,2232,3
20240301,4982,5
20240528,2384,3
20240328,3653,5
20241119,9154,1
20241004,5737,3
20240322,4459,2
20240508,7637,2
20241012,3962,4
20241218,1691,2
20241006,1211,5
20240926,2802,2
20241018,7451,2
20240721,7946,2
20240124,3333,3
20241216,8877,4
20241106,6704,1
20240726,2191,4
20241006,3758,5
20240723,8811,3
20240531,4437,3
20240126,3839,2
20240712,2466,2
20241201,643,5
20240825,7797,3
20241116,3711,1
20240315,3689,4
20240611,3944,3
20241025,2780,1
20240129,4384,1
20240613,8326,4
20241202,4971,1
20240704,707,5
20240223,3177,1
20241021,1120,5
20240211,3023,1
20241011,2176,2
20240517,8364,1
20240705,3714,5
20240722,3801,1
20240211,4215,1
20241215,1928,1
20241014,5535,5
20240126,1787,1
20240225,2795,4
20240909,7442,4
20240501,2886,5
20240415,675,2
20240509,6257,4
20241202,1147,3
20240606,714,4
20240818,7489,3
20241103,6312,5
20240331,7831,2
20240122,4572,3
20241016,2194,3
20240419,9084,4
20240218,8294,3
20240508,1437,5
20240313,3195,5
20241205,4331,5
20240222,6711,4
20241221,629,2
20240616,4585,4
20240214,285,5
20240414,2483,4
20240529,3622,5
20240525,3090,1
20240722,304,1
20241227,8139,3
20241025,6629,2
20240615,3267,1
20240719,7434,5
20240513,6786,4
20240729,293,4
20240217,595,3
20240505,4973,4
20240826,8464,1
20240107,4291,4
20240928,8016,1
20240206,4791,1
20240729,839,2
20240613,3847,3
20240504,8910,5
20241202,5460,1
20240710,1395,3
20240805,6549,5
20240801,3171,4
20240302,4322,3
20241123,5649,3
20240609,8594,3
20240306,5825,4
20241012,8552,4
20240826,5949,3
20240120,3124,2
20240706,4097,1
20240322,3255,4
20241228,6043,2
20240720,1864,4
20240511,8516,3
20240206,2764,2
20240511,6695,5
20240317,220,1
20240329,7371,1
20240909,4606,4
20241209,3465,1
20240712,7233,5
20240624,3826,2
20240202,5156,2
20240227,8520,3
20240719,2723,2
20240128,2006,4
20240204,8482,5
20240504,3288,3
20241116,4553,4
20240211,8731,4
20240325,9187,4
20240706,3737,1
20240420,3566,4
20240927,2847,1
20241120,5694,2
20240414,6594,1
20241115,167,4
20240210,5769,5
20240802,2815,5
20240311,5325,2
20240225,2625,4
20240823,1119,1
20241007,7380,5
20240414,4214,3
20240610,3869,4
20240709,7282,4
20240109,1929,3
20240229,7384,5
20241031,3087,3
20240812,421,2
20241102,181,1
20240706,523,1
20240310,1676,5
20241019,3679,3
20241013,3504,4
20240617,695,4
20240302,2539,4
20241214,2135,2
20240114,5275,2
20240612,4372,4
20240901,1378,5
20241130,2307,2
20240108,1553,2
20240602,3423,1
20240205,7761,1
20240217,8771,5
20240325,1918,2
20240128,189,2
20240714,2245,3
20240726,4302,5
20240722,4175,5
20241102,7121,3
20240413,3186,3
20240817,1582,1
20240410,1166,5
20240129,7638,5
20240506,6048,3
20241203,8579,4
20240110,4961,4
20240415,8253,1
20240615,1922,4
20240913,3505,4
20241021,2550,4
20241003,4188,2
20240305,1308,1
20240927,4784,3
20240706,4811,4
20241112,6886,2
20240517,2987,4
20241208,3937,2
20240414,5012,1
20240203,7047,4
20240419,1007,2
20240202,8131,5
20241219,5302,5
20240818,2255,2
20241112,1491,4
20240922,6441,4
20240630,404,1
20241205,1014,1
20240305,1870,3
20241128,8144,1
20240101,8869,4
20240512,2778,3
20240320,3678,1
20240927,5001,2
20240828,1496,5
20240128,7275,1
20240810,3746,1
20240123,7281,2
20240418,466,4
20240416,3108,2
20240524,897,1
20241219,4423,4
20240518,4083,3
20241010,3292,1
20241024,8585,2
20240408,7970,3
20241112,4705,5
20240502,4610,3
20241115,4574,2
20241013,7310,3
20240321,8179,2
20240110,127,1
20240108,5146,4
20240723,3212,5
20241110,154,4
20240715,1439,4
20240716,2964,4
20240130,3183,2
20240120,8727,2
20240217,6058,5
20240509,7004,2
20241019,7255,2
20240511,6276,2
20241221,902,2
20240223,3119,1
20241007,50,5
20240921,3966,2
20240802,3575,5
20241016,19,3
20240212,4836,1
20240314,6355,2
20241215,8077,1
20241004,2621,1
20241121,7865,3
20240829,8662,5
20240509,6447,1
20241215,3780,4
20240712,2453,3
20240201,6373,4
20240415,8338,3
20240722,5956,4
20240101,7663,4
20240901,4870,1
20240312,6562,1
20241101,7215,3
20240115,5926,5
20240222,6496,1
20240108,2776,1
20241125,4471,2
20240215,6376,1
20241120,5708,5
20240423,5803,2
20240526,216,4
20240614,6175,4
20240518,532,2
20240426,7756,2
20241025,2003,2
20241002,3817,3
20241003,5823,5
20241203,7181,5
20241108,6256,4
20240626,8418,4
20241125,5648,4
20241219,5770,1
20240602,6324,4
20240719,4132,2
20240424,8364,4
20240607,1533,2
20240211,6178,3
20240903,2615,1
20240308,2210,1
20241121,3569,5
20241129,2864,3
20240714,1757,2
20240330,1321,3
20240420,3864,1
20241224,7538,2
20240524,4210,3
20241001,5193,1
20240627,2570,2
20240828,2320,2
20241121,7638,1
20241114,2657,2
20241126,6424,1
20240601,4772,4
20240413,3009,4
20240315,8770,2
20240507,1286,2
20240717,1828,1
20240602,8820,2
20240225,2476,5
20241004,4135,4
20241210,6139,2
20240119,8494,2
20240607,4411,3
20240126,831,2
20240617,7323,5
20240123,7350,4
20240216,92,3
20240113,1935,1
20240804,7836,1
20241117,2108,4
20240712,7086,1
20240523,7986,5
20240313,8386,2
20240604,5300,4
20240317,4952,3
20240617,384,2
20241013,1833,1
20240325,2116,1
20240630,3505,3
20241110,1794,5
20241023,7693,3
20240421,1379,4
20240817,7313,3
20240405,3691,1
20240616,2441,5
20240604,8283,5
20240414,8108,3
20240711,2977,4
20241125,874,1
20240511,4153,2
20241220,2439,5
20240517,4032,3
20241126,8579,4
20240926,8361,4
20240207,1149,1
20240214,5181,5
20240611,5134,1
20241126,5709,2
20240909,6151,2
20240617,5500,2
20241011,4179,4
20240930,2361,5
20240120,5054,1
20240826,4912,1
20240926,8271,2
20241105,5056,5
20240131,3916,5
20240131,7172,5
20241109,1352,3
20240413,1199,5
20240618,4441,5
20240704,1566,1
20240507,1644,5
20240728,1541,5
20241007,1376,1
20240909,4385,5
20240119,5298,1
20240718,7629,3
20240807,2008,4
20240515,884,1
20240810,1029,1
20240103,617,5
20240823,705,1
20241207,8704,2
20240815,504,2
20240521,6879,3
20240109,7259,1
20240708,7805,5
20241215,8043,5
20240613,309,4
20240518,5503,3
20241002,4042,5
20241017,2927,4
20240222,4759,5
20240623,1888,4
20240419,3273,2
20240721,2832,2
20240515,8655,5
20240104,3656,3
20240603,4473,1
20240620,5322,3
20241223,8952,3
20240216,2056,1
20240403,694,2
20240217,5753,2
20240827,5683,1
20241212,7716,4
20240731,8052,3
20241205,63,5
20241119,7848,2
20240518,7371,5
20240723,6930,1
20240313,8345,5
20240104,3659,5
20240316,4985,3
20241124,8022,1
20240317,3293,5
20241030,7315,2
20240912,9033,1
20240411,3089,2
20240415,8331,4
20241128,7571,5
20240208,1652,1
20241109,5118,2
20241001,9135,5
20240328,659,3
20240729,2047,2
20240317,2776,2
20240317,2083,4
20240128,256,3
20240901,2683,4
20240306,817,3
20240922,5074,2
20240723,210,4
20240227,2202,5
20240719,2345,3
20240812,4856,2
20240521,3621,1
20240324,8487,3
20240522,61,3
20241217,3942,5
20240202,6311,3
20240531,2606,3
20240606,8777,5
20240520,6136,5
20240907,1215,4
20241029,2869,2
20240421,7039,2
20240523,6987,4
20240727,151,2
20240811,1044,3
20240212,2609,4
20240920,7225,4
20240831,676,2
20240103,2487,1
20240504,97,2
20240924,6234,1
20240324,8162,4
20240116,6983,1
20241129,2788,3
20240228,1715,5
20240625,2715,1
20240303,6830,5
20240218,1662,3
20241102,6053,5
20240902,5179,3
20241015,5535,5
20241012,3702,5
20241127,611,2
20240115,4560,1
20241203,8695,5
20240911,8856,4
20240401,4772,2
20241005,4399,1
20240724,8931,2
20240403,4748,1
20240812,7096,3
20241027,8709,5
20241113,7132,4
20240717,4744,2
20240927,1688,2
20240821,8325,2
20240215,7197,2
20240304,2309,5
20240817,3645,1
20240905,161,5
20240902,3468,3
20240315,4522,5
20240605,5798,5
20240810,7770,3
20240708,5643,5
20240221,8347,1
20240328,3375,4
20241108,3020,3
20241204,3567,2
20240306,19,1
20240529,2257,4
20240120,6333,1
20240202,5112,1
20241123,8659,2
20241007,1963,4
20240215,9156,1
20240313,5633,2
20241219,4251,3
20241108,6916,2
20241208,1935,5
20240512,4203,2
20240224,253,2
20240301,219,2
20241210,5567,1
20240108,4942,4
20240928,4405,2
20240902,2702,2
20240624,4966,5
20240425,6175,5
20241112,5403,3
20240927,5141,3
20240711,831,5
20240529,9031,4
20240510,207,3
20240411,1791,4
20241105,3660,5
20240926,6329,3
20241018,8461,2
20240728,1803,5
20241226,7393,3
20241203,3715,4
20240307,3908,4
20240110,6826,3
20240218,2694,4
20240420,3919,3
20241116,7279,3
20240806,519,4
20240226,6788,1
20241009,3831,2
20240422,732,5
20240512,4449,2
20240311,673,5
20240323,5072,5
20240226,4023,2
20241214,5009,3
20240927,4249,4
20240420,3779,1
20241222,4652,1
20240316,2119,1
20240606,6816,2
20240120,8594,2
20240510,2622,3
20241124,8404,1
20240501,3734,3
20240210,2596,1
20240615,2580,2
20240509,2778,4
20240123,6343,4
20241005,6006,4
20240907,3421,4
20240109,8942,5
20240113,4795,1
20241102,4192,4
20241115,6491,5
20240221,2619,5
20240727,8200,5
20240207,2397,3
20240409,546,3
20240711,6094,5
20240709,649,4
20240220,3,1
20240520,8416,2
20240616,5966,3
20241106,5641,4
20240418,7758,4
20240725,6018,2
20241026,2905,2
20240419,6254,4
20240714,8045,2
20240531,3321,4
20240830,912,2
20240507,685,2
20240414,7310,4
20240110,1520,5
20241221,6475,4
20240527,5182,1
20241230,5270,2
20241229,264,3
20240519,6472,2
20240708,1907,1
20240403,3454,3
20240816,2869,3
20240303,3807,4
20241205,5345,5
20240125,7890,4
20240924,8254,3
20241007,3627,3
20240111,2633,5
20241115,4693,2
20240719,3178,5
20240505,2957,4
20241101,8430,2
20240708,1940,4
20240329,2987,5
20241220,1005,2
20240425,1827,5
20241217,9014,1
20240625,504,3
20240114,5891,2
20240913,3660,3
20240727,7096,1
20241007,2906,2
20241123,3531,3
20241120,3355,3
20240414,6425,2
20240526,54,3
20241005,2590,3
20240109,630,2
20240427,5959,3
20240403,7423,3
20240523,969,4
20241015,1644,4
20240114,6874,1
20240913,8860,4
20241211,3293,4
20240704,5470,1
20241210,3816,3
20240725,2576,3
20241211,6554,4
20240620,385,1
20240926,872,3
20240808,4901,5
20240531,7504,2
20240420,398,2
20240701,4349,2
20241204,4305,4
20240312,2740,2
20241009,6219,2
20240314,6126,5
20241220,4266,3
20240802,937,5
20241123,2930,4
20240123,7976,2
20240308,3061,3
20241227,9185,2
20240402,1245,2
20241116,7666,4
20241119,4948,2
20240303,3955,1
20240811,6498,3
20240812,218,3
20241211,175,1
20241202,8979,4
20240412,3763,2
20240802,6733,2
20240710,2596,3
20240608,1108,4
20240725,4515,4
20240925,8818,4
20240712,5725,2
20240531,2890,4
20240824,3206,1
20240328,1852,5
20240111,704,4
20240705,3774,5
20240801,2118,2
20240115,380,4
20240922,8111,3
20241023,4187,2
20240313,6048,1
20240221,2393,1
20240507,1220,5
20240128,5003,5
20240305,5684,3
20240117,2750,3
20241216,8509,1
20240517,971,4
20241114,6638,1
20240816,1489,1
20240910,4475,3
20240728,7017,5
20241020,6411,3
20240818,2843,3
20240828,2865,3
20240310,2979,1
20240413,4609,4
20240722,9160,1
20240222,6659,2
20241125,2865,3
20240223,180,3
20241002,934,2
20241130,8324,3
20240131,3519,3
20240514,1006,3
20240227,6062,2
20240414,3854,1
20240922,1273,3
20240110,7628,4
20240909,8725,2
20241021,4819,5
20240604,68,2
20240606,5675,1
20240206,4493,2
20240428,8229,5
20240307,3536,4
20240829,587,5
20241025,7097,2
20240731,7851,5
20241103,5410,2
20240410,2273,4
20240225,6054,4
20241127,665,1
20241119,5756,4
20240826,6853,3
20240818,2602,5
20241227,7895,5
20240401,3277,2
20241005,1353,4
20240418,5011,1
20241112,5795,1
20240616,2842,1
20241026,5247,3
20240805,2232,4
20240809,3554,1
20240609,7864,3
20240116,4398,5
20241004,2976,2
20240226,3241,4
20240302,6852,4
20241228,7046,5
20241122,9150,4
20240829,3731,4
20240330,3429,4
20240312,1463,4
20241121,585,3
20240130,2919,3
20241224,2520,2
20241014,932,4
20240326,6997,5
20240821,7446,1
20240822,6351,2
20241108,1693,1
20241230,630,1
20240921,7101,4
20241013,4764,5
20241122,3520,1
20240925,4544,1
20240704,1150,2
20240510,8585,5
20241017,7245,5
20241003,5177,1
20241115,221,5
20241216,4890,2
20240628,1334,2
20241016,1156,2
20240611,4642,4
20240927,7408,1
20240405,2705,5
20240918,7342,2
20241230,3270,1
20241218,8300,1
20241014,5228,4
20240323,4123,5
20240812,3035,5
20240810,1872,2
20240427,9015,2
20240710,9155,1
20240319,2804,5
20240318,3890,5
20240526,7624,2
20240416,8154,3
20240927,6070,1
20240831,3897,5
20240313,7194,4
20241222,7144,4
20241219,5036,3
20240126,4750,2
20240728,2402,2
20240401,6597,2
20240504,9152,4
20240313,5881,2
20240502,2581,4
20241104,990,3
20240702,7231,1
20240705,9165,5
20240716,1277,3
20240318,5062,4
20241213,9154,3
20240704,7401,5
20241209,6246,1
20240909,3342,5
20240113,5645,4
20241025,2274,5
20240316,1272,3
20240220,479,2
20241001,3309,3
20240528,6789,4
20240806,7450,1
20240501,1245,5
20240729,9095,1
20241006,3820,4
20240126,6434,5
20240621,5765,3
20240604,3871,3
20240825,3150,4
20240322,6968,5
20241221,9135,3
20240929,6049,4
20240308,4604,4
20240213,1561,1
20240301,6080,3
20240502,1109,5
20241214,2426,3
20240714,2632,3
20241125,8973,3
20241118,4160,4
20240420,2790,2
20240914,6643,2
20240329,3170,1
20240716,3985,3
20241008,7991,2
20240718,8794,1
20240408,5430,4
20240127,4346,3
20240329,1957,5
20240525,6041,4
20240630,8320,1
20240913,206,4
20240707,9114,5
20240827,876,4
20241224,6726,1
20240714,664,5
20241023,4149,5
20240613,7606,4
20241102,8847,5
20240927,1051,4
20240108,4146,3
20240207,2163,5
20240423,5472,4
20241204,6094,3
20240225,2445,5
20241224,1894,3
20240517,7561,5
20240411,2026,1
20241129,3388,1
20240625,7376,4
20240617,1304,2
20241204,1462,1
20241012,3214,2
20240917,6396,3
20240810,7541,3
20240717,6074,2
20240729,3198,4
20241013,5477,5
20240628,3231,2
20240906,3151,2
20240818,3333,2
20240123,2797,2
20240217,7676,2
20240418,4935,4
20241022,6339,1
20240106,6342,5
20240207,8436,1
20240617,791,2
20241221,5223,1
20241009,702,4
20240721,544,3
20241120,5082,1
20241108,8099,5
20240929,5533,4
20240831,2168,3
20241122,6109,4
20240216,6989,2
20240905,4789,3
20240319,7711,5
20240419,3118,3
20240113,2455,5
20241230,4150,2
20240330,7139,5
20241207,5216,4
20241213,859,1
20241006,461,4
20240808,3930,4
20240313,3124,3
20240821,1249,2
20240916,6602,1
20240422,241,5
20240215,4158,3
20240930,7204,2
20240212,5573,1
20240726,201,4
20241214,2550,2
20240412,1947,2
20240503,9059,2
20240110,2047,4
20241124,1267,5
20240705,5524,3
20240131,5089,5
20240604,1896,1
20240229,284,3
20240905,1645,1
20240926,4420,4
20240804,6154,5
20240102,1589,2
20240124,1710,3
20240724,3273,2
20241115,3277,1
20240717,1460,2
20241221,6278,2
20240423,8430,4
20241006,53,4
20240603,5585,5
20240613,7598,1
20240809,1681,4
20240331,6916,4
20240615,2800,5
20240725,734,3
20241008,8616,5
20240305,6870,2
20240104,2309,2
20240605,8282,4
20240905,4497,4
20240913,713,5
20240822,7262,5
20241101,9037,1
20240314,5933,2
20240705,363,5
20240302,5389,3
20241202,7888,1
20240612,322,5
20240225,3431,4
20240420,4835,5
20240805,3573,4
20240827,4493,4
20240121,6546,2
20240520,4635,2
20240921,3000,5
20240518,8131,5
20240310,8486,3
20240427,2562,1
20240716,351,1
20240723,2994,5
20240801,3983,2
20240225,925,3
20241013,2011,1
20241019,3144,5
20240623,5462,2
20241212,6144,2
20240507,5865,2
20241120,4219,4
20241018,7465,2
20241014,8538,5
20240813,329,3
20240304,1149,5
20240217,4891,2
20240720,8121,3
20241202,8366,1
20240229,5607,1
20240913,1739,5
20240305,3358,3
20240826,901,5
20241015,736,3
20240207,7697,3
20240125,9123,5
20240228,3372,3
20241222,885,2
20241023,6766,3
20240606,512,3
20240226,1771,5
20240217,1132,1
20241123,2843,4
20240225,1662,3
20240305,7007,4
20240924,6786,3
20240309,157,5
20240803,2776,5
20240329,3450,3
20241007,6637,5
20240913,7084,5
20240608,4527,3
20240821,1863,1
20240510,2711,3
20240218,1732,1
20240526,3087,5
20241111,2801,1
20240102,3806,5
20241124,3886,1
20240524,1821,1
20240301,1519,3
20240929,3323,1
20240218,7132,5
20241127,5063,3
20240510,8282,1
20240212,1705,3
20240226,3318,4
20240219,3128,3
20240626,9093,4
20241019,7869,4
20240215,6431,3
20240618,1519,5
20240927,8943,5
20241201,3939,5
20240518,8634,2
20240903,4500,4
20240527,8119,3
20240817,8703,5
20241006,206,5
20240504,8709,3
20240710,4932,4
20240320,5846,3
20240403,4337,2
20240813,7014,2
20240305,9027,3
20240328,7301,4
20240328,1889,5
20240719,9081,2
20240801,4778,2
20240722,8483,4
20240329,1066,2
20240301,7557,2
20240927,7430,4
20240403,6335,3
20241102,2120,5
20240127,322,5
20240801,7756,2
20240314,3374,5
20240301,3191,3
20240704,1266,2
20240131,5381,5
20240806,1532,1
20240112,6241,1
20241028,5320,1
20240201,5884,1
20240608,8058,1
20240824,4906,2
20240814,5007,4
20240629,1976,4
20241112,2878,2
20240215,6618,2
20241206,4582,3
20240320,6528,4
20240514,4020,1
20240916,9133,2
20241103,198,1
20240903,7774,4
20240607,3373,5
20240721,6630,5
20240421,6812,2
20241018,8747,3
20241105,7697,1
20240428,5713,2
20240117,1288,3
20241126,6668,1
20240814,1111,4
20241226,9126,5
20240426,8021,3
20240212,4262,1
20240424,5329,2
20241009,3369,1
20240206,285,2
20241028,1201,5
20240422,6320,5
20240204,2413,1
20240511,7010,1
20241201,7318,2
20241201,4197,2
20240815,2245,3
20240526,6526,3
20240501,143,3
20240321,3687,1
20240621,4780,3
20240602,3985,1
20240529,7564,5
20240227,5567,4
20240303,642,5
20240604,6604,1
20241221,2059,1
20241117,2356,4
20240616,5899,2
20240614,8204,2
20240325,264,2
20240516,2940,3
20240707,5058,2
20240102,989,3
20240415,7211,3
20241229,9099,2
20240312,2687,2
20240505,7298,4
20240618,7550,4
20240723,8681,3
20241108,2002,4
20241202,102,3
20240713,8740,1
20240606,4074,3
20240520,2788,3
20241001,8402,4
20240107,7428,1
20240223,4455,5
20240413,7366,5
20241207,1023,5
20241203,3798,1
20240301,6661,2
20240327,4313,1
20240914,4683,4
20240626,4302,3
20240829,2067,3
20240721,6024,4
20240131,1731,4
20241015,325,3
20240320,4553,2
20240111,1275,2
20240910,3947,2
20241013,599,4
20240624,7635,3
20240505,8570,3
20240216,2881,3
20240724,5913,1
20240416,2026,1
20241001,6266,5
20241202,4954,1
20240502,4021,2
20240513,1640,2
20240416,905,2
20241031,6093,2
20241124,7051,5
20240219,8942,2
20241202,3976,4
20240404,2519,4
20240924,8825,4
20240123,3821,1
20240223,6115,3
20240910,1734,5
20240822,6701,4
20240228,1602,4
20240612,7015,2
20240915,911,4
20241109,5573,2
20240803,8488,2
20240701,4662,3
20240226,2447,1
20240524,3919,2
20240330,6852,2
20241106,1464,3
20240214,4515,2
20240913,5469,5
20240121,4132,1
20240121,8888,5
20240221,2043,4
20241203,6860,1
20240619,3773,4
20240307,5919,2
20240422,4639,3
20241026,8867,5
20240608,180,4
20240922,4606,2
20241115,604,5
20240819,4539,5
20241120,2836,4
20240308,6524,2
20240128,7712,3
20240425,73,4
20240220,3595,5
20240629,7981,5
20240916,283,1
20240319,2477,2
20240929,1030,1
20240417,8003,3
20240314,421,4
20240623,7403,5
20240702,6064,2
20240123,6184,5
20240930,8001,1
20240508,1000,1
20241017,4500,4
20241115,8920,2
20240704,2633,2
20240228,6304,4
20240101,6943,1
20240510,5383,1
20240307,4636,1
20241019,7585,5
20241011,4685,3
20240329,7677,1
20240409,1018,3
20240707,7523,3
20241211,2481,2
20240828,1954,4
20240926,1650,5
20240806,8114,3
20240624,6280,5
20241206,1910,2
20240820,6539,1
20240530,1088,3
20241003,5199,4
20240816,2417,2
20240619,4910,5
20240810,7350,1
20240731,1971,5
20241008,7038,4
20240210,3922,3
20240501,822,4
20240814,8397,5
20241020,4842,5
20240328,4539,4
20240923,2299,4
20240129,5328,4
20240903,772,1
20241111,4902,5
20240831,3869,2
20240301,3573,1
20240526,976,1
20240622,3862,1
20241004,6741,2
20241129,3590,4
20240521,9086,5
20240213,2433,3
20240523,4213,3
20241218,1016,5
20241128,5259,2
20240224,7134,3
20241102,4081,1
20241223,2860,3
20240609,8868,5
20241011,5331,1
20241120,437,3
20240716,6730,5
20240607,4281,2
20240320,7568,5
20240131,6331,2
20240421,2725,1
20240215,8663,5
20241218,8088,4
20240723,1672,4
20240221,2556,4
20240517,6778,4
20240314,3090,4
20240210,3179,2
20240317,2068,5
20240705,8498,1
20240221,5752,4
20240327,3232,4
20240418,1462,1
20240812,6024,1
20240904,622,4
20240309,4567,2
20240429,1779,1
20240307,2686,5
20240301,6534,5
20241122,3977,2
20240709,3192,3
20240707,3737,2
20240530,4921,4
20241012,7282,3
20240405,5069,4
20241107,823,5
20241104,740,1
20240919,7720,4
20240406,1231,5
20240422,4066,2
20240504,2212,4
20240511,2821,5
20240430,8989,1
20240715,987,4
20241020,5649,5
20240501,7502,4
20241008,2138,1
20240916,8809,4
20240208,239,4
20240223,9051,5
20240609,1829,3
20241015,1121,4
20240718,139,3
20241002,3261,2
20240116,2946,4
20240621,2986,3
20240904,2032,2
20240805,7434,5
20240327,2430,4
20240322,3111,5
20240302,1624,2
20241013,732,5
20240211,3576,5
20240112,6797,1
20241116,1063,2
20240821,8326,5
20241124,7924,3
20240510,5593,2
20240424,1635,1
20240805,6563,4
20240516,7400,5
20240415,4795,3
20240627,3807,1
20240116,2956,2
20240829,5710,5
20241129,6416,1
20240813,9188,1
20240829,6212,3
20240520,5465,4
20240717,8994,4
20240421,8451,4
20240506,5889,2
20240121,1568,1
20240526,1027,2
20240329,8397,1
20241029,1896,3
20240721,6814,3
20240325,4601,2
20240615,8641,2
20240312,8449,3
20241024,6462,5
20240109,2360,4
20241007,78,4
20240914,5892,3
20241001,6800,4
20240825,4937,5
20240120,8109,5
20240820,2345,1
20240808,4701,2
20241121,1917,4
20240117,4685,5
20240329,7158,2
20240714,2074,2
20241215,155,1
20240324,1804,2
20240327,17,2
20241102,479,3
20241203,4486,1
20240602,1842,1
20240815,8730,4
20240920,5971,2
20240810,100,4
20240430,4830,5
20240621,2866,2
20240104,2858,5
20241207,9136,3
20240507,6558,2
20240419,5916,4
20241220,984,4
20240206,1109,2
20240311,6139,4
20241015,7366,2
20240131,3210,1
20240924,1419,4
20240111,6955,2
20241209,4305,2
20241123,3997,4
20240201,5570,1
20240226,7973,4
20240614,4728,2
20240706,3107,1
20241207,4174,5
20240119,6323,3
20240425,7497,4
20240702,8495,2
20240926,4948,1
20240202,4941,1
20240110,3984,5
20240320,2980,4
20240710,4334,1
20241115,8994,5
20240708,7123,2
20240308,9160,5
20241213,3954,4
20240504,45,5
20241201,1825,1
20240228,4581,1
20240406,9040,3
20241001,1924,5
20240528,6379,2
20241004,2596,4
20240921,706,3
20240109,946,5
20241009,7929,2
20240929,6397,3
20241027,3421,1
20240108,8358,4
20240726,1047,5
20240504,1326,2
20240502,8598,1
20240202,3136,3
20240101,1888,4
20240722,9126,3
20240106,6796,3
20241023,3763,2
20240105,292,1
20240320,1874,5
20240930,5944,2
20240625,6807,4
20241203,4728,3
20241116,4690,4
20241204,1185,2
20240515,8700,2
20240125,5323,5
20241120,2477,3
20240701,302,2
20240616,5968,4
20241203,4297,5
20240626,1922,4
20240404,1176,3
20240202,144,5
20240420,6352,5
20240525,2378,5
20240818,8170,1
20240928,5998,5
20241201,158,4
20240207,8226,4
20240514,7488,3
20241129,259,2
20240822,941,2
20241114,3193,1
20241210,2191,5
20240608,5017,1
20240207,901,3
20240529,8551,3
20241103,3413,2
20240129,8516,3
20240523,9118,5
20240316,2669,4
20240524,7411,3
20240816,1386,1
20240304,7150,5
20241212,335,3
20241210,4669,3
20240925,5315,5
20241123,6776,3
20240702,6869,4
20240917,5520,2
20240924,6568,5
20240617,4057,1
20240915,9028,3
20240814,7517,2
20240202,6651,1
20240801,7381,1
20240219,12,4
20240728,209,2
20240129,2552,5
20240208,2857,2
20241212,2244,2
20240409,3024,1
20240621,8003,4
20240117,2092,4
20240225,7864,2
20240813,3882,2
20240215,4888,3
20240307,8654,1
20240715,312,5
20240521,5871,5
20241118,9055,4
20240123,1030,1
20240403,1399,4
20240829,8764,5
20240824,2365,2
20240223,1284,1
20240517,1275,1
20241128,7720,3
20240928,8395,2
20240210,4578,2
20240407,6912,4
20240701,5687,1
20240507,5608,4
20240816,6170,2
20241112,5558,3
20240326,7259,1
20240912,4698,2
20240727,1896,3
20240802,8732,5
20240409,3824,2
20240218,5822,5
20240719,4898,4
20240914,7225,5
20240626,4170,2
20240901,4688,5
20240502,1424,1
20241207,5212,2
20240619,7471,3
20241128,8737,5
20240515,2187,1
20240228,294,4
20240711,3992,4
20240924,2684,5
20240916,7844,4
20240404,3996,3
20240504,4784,2
20240210,5262,1
20240910,4442,5
20240107,6150,4
20240803,5588,2
20240309,4146,3
20240309,7208,4
20240321,4550,4
20240130,2791,1
20240313,7716,3
20240918,8405,3
20240329,677,5
20240726,8690,1
20240731,8063,5
20241117,4233,1
20240922,5075,3
20241019,5889,1
20240725,5596,1
20241128,2029,1
20240317,3804,2
20241014,9122,2
20240216,7163,3
20240419,7785,1
20240718,2379,3
20240728,3644,2
20240602,5934,1
20240110,5690,5
20241218,8891,2
20240605,6653,2
20240917,4666,2
20240317,624,1
20240913,7959,4
20240510,3881,5
20240307,386,5
20240815,7013,3
20240611,630,1
20240115,6926,2
20240819,6025,4
20240713,2268,1
20241214,4957,1
20240130,879,4
20241224,1283,2
20241203,7473,1
20241126,8995,5
20241111,4586,5
20241022,5244,4
20241125,2252,2
20240807,4069,4
20240526,950,1
20240915,6409,5
20241018,7910,3
20241025,340,4
20240522,7793,3
20240822,3876,3
20240424,2000,5
20241230,4947,4
20240330,4618,3
20240726,2793,1
20240612,8851,2
20240324,7773,2
20240317,4093,5
20240609,1382,4
20240105,4057,4
20240318,2590,2
20240331,6769,1
20240327,1596,2
20240926,2001,2
20240413,2255,4
20241204,3981,3
20240623,7623,1
20240223,8339,4
20240729,5983,2
20240404,9062,3
20240810,7512,1
20240109,4118,5
20240222,2091,1
20240317,5246,1
20240724,3009,2
20241111,3759,2
20241028,5609,5
20241105,7550,5
20241125,7390,5
20240421,1659,4
20241216,3159,4
20240613,257,2
20241005,4100,2
20240127,7973,5
20240310,7288,4
20240805,7145,3
20241230,6843,4
20240707,8381,2
20241128,8863,4
20241101,6346,2
20240503,3527,5
20240119,1514,5
20240913,2173,5
20241022,5177,3
20240122,4054,3
20240209,2050,2
20240207,7996,1
20240217,872,3
20240701,3838,2
20240315,6785,4
20240727,313,5
20240701,7263,5
20240416,938,5
20240706,4247,2
20240920,4321,5
20240326,2814,3
20241119,6593,4
20241126,4890,5
20240516,5341,2
20241211,6597,4
20241201,1817,5
20240404,2672,1
20241121,3361,5
20240901,2964,3
20240330,956,4
20240228,1922,3
20240128,4852,1
20240312,8124,1
20240926,1258,3
20240124,5711,4
20240421,1481,1
20241026,3972,1
20240225,1981,5
20240810,390,2
20240429,277,1
20240627,4377,4
20241014,6517,4
20241007,7852,5
20240707,1908,4
20240306,8125,5
20241024,1667,1
20240905,5555,1
20240316,3907,1
20240316,7168,1
20240516,614,1
20240612,4830,2
20240820,1927,2
20240911,8811,1
20241020,8591,4
20240618,4228,5
20241112,3652,3
20240622,5614,5
20241210,6463,3
20240118,8576,3
20240310,7401,1
20241203,9001,3
20240425,3584,1
20240320,7726,2
20240115,761,4
20240624,8523,3
20240925,4648,4
20240428,935,1
20241025,7023,3
20240706,2396,5
20240226,3633,2
20240717,9008,2
20240117,4458,3
20241014,287,2
20240224,1788,5
20240925,2562,4
20241029,3179,5
20240327,4795,2
20241113,961,4
20240129,521,5
20240122,6734,1
20241116,8454,1
20241011,8716,4
20240217,6375,4
20240105,7676,4
20240906,3605,1
20240611,1207,5
20240720,1479,4
20240410,405,1
20240311,5630,4
20240611,6121,4
20240621,8883,4
20240520,2575,1
20240517,5882,5
20240306,1226,1
20240716,9140,1
20241123,1554,4
20240815,9123,3
20241007,658,3
20240620,8712,3
20241111,8940,1
20240209,1298,4
20240107,7699,3
20240622,7364,2
20240530,4401,2
20240729,934,2
20241028,2354,5
20240326,8966,4
20240909,5945,1
20240121,5417,1
20240913,5678,4
20240202,5290,5
20240916,522,4
20240821,1451,5
20240103,8769,3
20241212,7373,3
20241103,4531,5
20240814,3637,4
20241010,4414,3
20240310,5052,4
20241108,8130,3
20241229,3730,4
20240910,7856,4
20240523,1316,2
20240124,7389,5
20240821,5200,1
20241128,2170,5
20240623,6426,4
20241127,6380,4
20241120,707,5
20241222,1493,4
20240607,6411,3
20241213,8467,4
20241213,456,5
20241012,2661,5
20240118,5224,5
20240213,6548,2
20240603,4692,2
20241220,7230,2
20240818,2660,2
20241111,8229,2
20240812,7952,2
20240804,5491,2
20240225,7947,5
20240131,2095,1
20241222,6104,2
20240228,7415,5
20241218,7816,1
20240822,876,2
20240416,8365,1
20240709,3509,1
20240118,919,3
20240813,1284,4
20240615,419,3
20240311,9054,1
20241227,1199,5
20240223,8957,2
20240901,1740,4
20241215,8481,2
20240316,5826,5
20240204,5621,4
20240923,3971,3
20241112,186,1
20241026,8484,5
20240430,2321,1
20241119,436,1
20240125,5555,2
20240608,4690,5
20240324,9101,1
20240423,6763,3
20240810,6118,4
20240614,1488,5
20240709,3258,2
20240623,2196,5
20240101,3111,2
20240816,6661,4
20240326,5897,3
20240302,5997,1
20241115,5813,5
20240724,8434,2
20240414,8430,4
20241113,8475,1
20241017,9164,4
20240906,4539,3
20240113,6574,1
20240611,7639,1
20240212,2789,1
20240420,5688,2
20240723,3139,1
20240912,8690,4
20241102,1368,2
20240523,9100,1
20240525,3869,4
20241027,8153,4
20240612,939,5
20240617,2185,4
20241024,5521,3
20240820,2410,1
20240927,8239,1
20240229,8245,1
20241022,5530,4
20240822,2685,4
20240613,3380,1
20240712,603,2
20240821,3153,2
20240701,9114,3
20241128,6678,5
20240819,4101,3
20241226,8550,1
20240416,4285,1
20240810,6034,1
20240320,571,5
20240821,8041,4
20240702,5467,5
20240703,3582,3
20240513,3914,4
20240807,6492,4
20241014,7519,3
20241229,1031,4
20240720,6485,2
20240525,2077,3
20241119,9049,3
20240506,4336,2
20240514,3511,5
20240423,1828,5
20240920,6271,5
20240304,2328,4
20240514,1246,2
20240210,5846,3
20241022,3014,3
20240103,3455,3
20240712,4071,4
20240419,320,4
20240808,1704,5
20240104,3932,4
20240831,7095,5
20240614,8630,5
20240126,2951,3
20240117,3877,4
20240803,5664,5
20240401,3276,2
20240131,1834,2
20240723,1357,4
20240725,5575,3
20240416,2241,3
20240525,1094,5
20240410,4221,4
20241113,6295,2
20240828,7254,5
20240903,828,5
20240611,5104,1
20240621,2046,4
20240204,8533,5
20241010,9114,2
20241224,5926,1
20241223,2668,2
20240121,3355,3
20241103,7895,1
20240611,1156,1
20240406,9060,5
20241102,8577,3
20241204,2912,5
20240224,4056,4
20241128,2053,2
20240506,4285,2
20240711,4698,5
20240830,509,2
20241214,7131,2
20240328,1799,4
20241201,3525,3
20240802,3801,1
20240401,5281,5
20241029,5443,5
20240822,6696,4
20240702,6908,4
20240207,4673,1
20240518,7097,3
20240713,6884,5
20240115,7626,4
20240913,7688,5
20240514,6234,2
20240101,4549,5
20240218,5994,3
20240405,8909,3
20240719,1327,5
20240126,2977,2
20241208,2953,3
20240822,3212,4
20241214,5311,5
20240831,7223,2
20241223,5745,4
20241122,141,5
20241216,5617,2
20240220,1206,4
20240321,2654,3
20240205,1381,5
20240307,6468,5
20240508,6686,3
20240603,6698,1
20240901,4554,4
20240420,8895,3
